column,dtype,n_missing,pct_missing,n_unique
subject,object,0,0.0,24
uaX_mean,float64,0,0.0,24
uaX_std,float64,0,0.0,24
uaX_var,float64,0,0.0,24
uaX_rms,float64,0,0.0,24
uaX_min,float64,0,0.0,24
uaX_max,float64,0,0.0,24
uaX_range,float64,0,0.0,24
uaX_median,float64,0,0.0,24
uaX_iqr,float64,0,0.0,24
uaX_mad,float64,0,0.0,24
uaX_skew,float64,0,0.0,24
uaX_kurt,float64,0,0.0,24
uaX_zcr,float64,0,0.0,24
uaX_madiff,float64,0,0.0,24
uaX_domfreq,float64,0,0.0,23
uaX_centroid,float64,0,0.0,24
uaX_spread,float64,0,0.0,24
uaX_entropy,float64,0,0.0,24
uaX_bp_lf,float64,0,0.0,24
uaX_bp_mf,float64,0,0.0,24
uaX_bp_hf,float64,0,0.0,24
uaY_mean,float64,0,0.0,24
uaY_std,float64,0,0.0,24
uaY_var,float64,0,0.0,24
uaY_rms,float64,0,0.0,24
uaY_min,float64,0,0.0,24
uaY_max,float64,0,0.0,24
uaY_range,float64,0,0.0,24
uaY_median,float64,0,0.0,24
uaY_iqr,float64,0,0.0,24
uaY_mad,float64,0,0.0,24
uaY_skew,float64,0,0.0,24
uaY_kurt,float64,0,0.0,24
uaY_zcr,float64,0,0.0,24
uaY_madiff,float64,0,0.0,24
uaY_domfreq,float64,0,0.0,24
uaY_centroid,float64,0,0.0,24
uaY_spread,float64,0,0.0,24
uaY_entropy,float64,0,0.0,24
uaY_bp_lf,float64,0,0.0,24
uaY_bp_mf,float64,0,0.0,24
uaY_bp_hf,float64,0,0.0,24
uaZ_mean,float64,0,0.0,24
uaZ_std,float64,0,0.0,24
uaZ_var,float64,0,0.0,24
uaZ_rms,float64,0,0.0,24
uaZ_min,float64,0,0.0,24
uaZ_max,float64,0,0.0,24
uaZ_range,float64,0,0.0,24
uaZ_median,float64,0,0.0,24
uaZ_iqr,float64,0,0.0,24
uaZ_mad,float64,0,0.0,24
uaZ_skew,float64,0,0.0,24
uaZ_kurt,float64,0,0.0,24
uaZ_zcr,float64,0,0.0,24
uaZ_madiff,float64,0,0.0,24
uaZ_domfreq,float64,0,0.0,23
uaZ_centroid,float64,0,0.0,24
uaZ_spread,float64,0,0.0,24
uaZ_entropy,float64,0,0.0,24
uaZ_bp_lf,float64,0,0.0,24
uaZ_bp_mf,float64,0,0.0,24
uaZ_bp_hf,float64,0,0.0,24
uaMag_mean,float64,0,0.0,24
uaMag_std,float64,0,0.0,24
uaMag_var,float64,0,0.0,24
uaMag_rms,float64,0,0.0,24
uaMag_min,float64,0,0.0,24
uaMag_max,float64,0,0.0,24
uaMag_range,float64,0,0.0,24
uaMag_median,float64,0,0.0,24
uaMag_iqr,float64,0,0.0,24
uaMag_mad,float64,0,0.0,24
uaMag_skew,float64,0,0.0,24
uaMag_kurt,float64,0,0.0,24
uaMag_zcr,float64,0,0.0,24
uaMag_madiff,float64,0,0.0,24
uaMag_domfreq,float64,0,0.0,23
uaMag_centroid,float64,0,0.0,24
uaMag_spread,float64,0,0.0,24
uaMag_entropy,float64,0,0.0,24
uaMag_bp_lf,float64,0,0.0,24
uaMag_bp_mf,float64,0,0.0,24
uaMag_bp_hf,float64,0,0.0,24
gyX_mean,float64,0,0.0,24
gyX_std,float64,0,0.0,24
gyX_var,float64,0,0.0,24
gyX_rms,float64,0,0.0,24
gyX_min,float64,0,0.0,24
gyX_max,float64,0,0.0,24
gyX_range,float64,0,0.0,24
gyX_median,float64,0,0.0,24
gyX_iqr,float64,0,0.0,24
gyX_mad,float64,0,0.0,24
gyX_skew,float64,0,0.0,24
gyX_kurt,float64,0,0.0,24
gyX_zcr,float64,0,0.0,24
gyX_madiff,float64,0,0.0,24
gyX_domfreq,float64,0,0.0,24
gyX_centroid,float64,0,0.0,24
gyX_spread,float64,0,0.0,24
gyX_entropy,float64,0,0.0,24
gyX_bp_lf,float64,0,0.0,24
gyX_bp_mf,float64,0,0.0,24
gyX_bp_hf,float64,0,0.0,24
gyY_mean,float64,0,0.0,24
gyY_std,float64,0,0.0,24
gyY_var,float64,0,0.0,24
gyY_rms,float64,0,0.0,24
gyY_min,float64,0,0.0,24
gyY_max,float64,0,0.0,24
gyY_range,float64,0,0.0,24
gyY_median,float64,0,0.0,24
gyY_iqr,float64,0,0.0,24
gyY_mad,float64,0,0.0,24
gyY_skew,float64,0,0.0,24
gyY_kurt,float64,0,0.0,24
gyY_zcr,float64,0,0.0,24
gyY_madiff,float64,0,0.0,24
gyY_domfreq,float64,0,0.0,24
gyY_centroid,float64,0,0.0,24
gyY_spread,float64,0,0.0,24
gyY_entropy,float64,0,0.0,24
gyY_bp_lf,float64,0,0.0,24
gyY_bp_mf,float64,0,0.0,24
gyY_bp_hf,float64,0,0.0,24
gyZ_mean,float64,0,0.0,24
gyZ_std,float64,0,0.0,24
gyZ_var,float64,0,0.0,24
gyZ_rms,float64,0,0.0,24
gyZ_min,float64,0,0.0,24
gyZ_max,float64,0,0.0,24
gyZ_range,float64,0,0.0,24
gyZ_median,float64,0,0.0,24
gyZ_iqr,float64,0,0.0,24
gyZ_mad,float64,0,0.0,24
gyZ_skew,float64,0,0.0,24
gyZ_kurt,float64,0,0.0,24
gyZ_zcr,float64,0,0.0,24
gyZ_madiff,float64,0,0.0,24
gyZ_domfreq,float64,0,0.0,24
gyZ_centroid,float64,0,0.0,24
gyZ_spread,float64,0,0.0,24
gyZ_entropy,float64,0,0.0,24
gyZ_bp_lf,float64,0,0.0,24
gyZ_bp_mf,float64,0,0.0,24
gyZ_bp_hf,float64,0,0.0,24
gyMag_mean,float64,0,0.0,24
gyMag_std,float64,0,0.0,24
gyMag_var,float64,0,0.0,24
gyMag_rms,float64,0,0.0,24
gyMag_min,float64,0,0.0,24
gyMag_max,float64,0,0.0,24
gyMag_range,float64,0,0.0,24
gyMag_median,float64,0,0.0,24
gyMag_iqr,float64,0,0.0,24
gyMag_mad,float64,0,0.0,24
gyMag_skew,float64,0,0.0,24
gyMag_kurt,float64,0,0.0,24
gyMag_zcr,float64,0,0.0,24
gyMag_madiff,float64,0,0.0,24
gyMag_domfreq,float64,0,0.0,23
gyMag_centroid,float64,0,0.0,24
gyMag_spread,float64,0,0.0,24
gyMag_entropy,float64,0,0.0,24
gyMag_bp_lf,float64,0,0.0,24
gyMag_bp_mf,float64,0,0.0,24
gyMag_bp_hf,float64,0,0.0,24
pitch_mean,float64,0,0.0,24
pitch_std,float64,0,0.0,24
pitch_var,float64,0,0.0,24
pitch_rms,float64,0,0.0,24
pitch_min,float64,0,0.0,24
pitch_max,float64,0,0.0,24
pitch_range,float64,0,0.0,24
pitch_median,float64,0,0.0,24
pitch_iqr,float64,0,0.0,24
pitch_mad,float64,0,0.0,24
pitch_skew,float64,0,0.0,24
pitch_kurt,float64,0,0.0,24
pitch_zcr,float64,0,0.0,24
pitch_madiff,float64,0,0.0,24
pitch_domfreq,float64,0,0.0,24
pitch_centroid,float64,0,0.0,24
pitch_spread,float64,0,0.0,24
pitch_entropy,float64,0,0.0,24
pitch_bp_lf,float64,0,0.0,24
pitch_bp_mf,float64,0,0.0,24
pitch_bp_hf,float64,0,0.0,24
roll_mean,float64,0,0.0,24
roll_std,float64,0,0.0,24
roll_var,float64,0,0.0,24
roll_rms,float64,0,0.0,24
roll_min,float64,0,0.0,24
roll_max,float64,0,0.0,24
roll_range,float64,0,0.0,24
roll_median,float64,0,0.0,24
roll_iqr,float64,0,0.0,24
roll_mad,float64,0,0.0,24
roll_skew,float64,0,0.0,24
roll_kurt,float64,0,0.0,24
roll_zcr,float64,0,0.0,24
roll_madiff,float64,0,0.0,24
roll_domfreq,float64,0,0.0,23
roll_centroid,float64,0,0.0,24
roll_spread,float64,0,0.0,24
roll_entropy,float64,0,0.0,24
roll_bp_lf,float64,0,0.0,24
roll_bp_mf,float64,0,0.0,24
roll_bp_hf,float64,0,0.0,24
yaw_mean,float64,0,0.0,24
yaw_std,float64,0,0.0,24
yaw_var,float64,0,0.0,24
yaw_rms,float64,0,0.0,24
yaw_min,float64,0,0.0,24
yaw_max,float64,0,0.0,24
yaw_range,float64,0,0.0,24
yaw_median,float64,0,0.0,24
yaw_iqr,float64,0,0.0,24
yaw_mad,float64,0,0.0,24
yaw_skew,float64,0,0.0,24
yaw_kurt,float64,0,0.0,24
yaw_zcr,float64,0,0.0,24
yaw_madiff,float64,0,0.0,24
yaw_domfreq,float64,0,0.0,24
yaw_centroid,float64,0,0.0,24
yaw_spread,float64,0,0.0,24
yaw_entropy,float64,0,0.0,24
yaw_bp_lf,float64,0,0.0,24
yaw_bp_mf,float64,0,0.0,24
yaw_bp_hf,float64,0,0.0,24
jerk_mean,float64,0,0.0,24
jerk_std,float64,0,0.0,24
jerk_var,float64,0,0.0,24
jerk_rms,float64,0,0.0,24
jerk_min,float64,0,0.0,24
jerk_max,float64,0,0.0,24
jerk_range,float64,0,0.0,24
jerk_iqr,float64,0,0.0,24
jerk_mad,float64,0,0.0,24
jerk_skew,float64,0,0.0,24
jerk_kurt,float64,0,0.0,24
jerk_zcr,float64,0,0.0,24
jerk_madiff,float64,0,0.0,24
jerk_domfreq,float64,0,0.0,24
jerk_centroid,float64,0,0.0,24
jerk_spread,float64,0,0.0,24
jerk_entropy,float64,0,0.0,24
jerk_bp_lf,float64,0,0.0,24
jerk_bp_mf,float64,0,0.0,24
jerk_bp_hf,float64,0,0.0,24
uaMag_dfa_alpha,float64,0,0.0,24
uaMag_hurst_rs,float64,0,0.0,24
uaMag_permen_m3,float64,0,0.0,24
uaMag_lz_c,float64,0,0.0,24
uaMag_acf_tau_1e_s,float64,0,0.0,24
uaMag_acf_dom_period_s,float64,0,0.0,24
uaMag_acf_dom_peak,float64,0,0.0,24
uaMag_peak_rate_min,float64,0,0.0,24
uaMag_peak_ipi_med_s,float64,0,0.0,23
uaMag_peak_ipi_cv,float64,0,0.0,24
uaMag_peak_amp_med,float64,0,0.0,24
uaMag_peak_amp_cv,float64,0,0.0,24
gyMag_dfa_alpha,float64,0,0.0,24
gyMag_hurst_rs,float64,0,0.0,24
gyMag_permen_m3,float64,0,0.0,24
gyMag_lz_c,float64,0,0.0,24
gyMag_acf_tau_1e_s,float64,0,0.0,24
gyMag_acf_dom_period_s,float64,0,0.0,24
gyMag_acf_dom_peak,float64,0,0.0,24
gyMag_peak_rate_min,float64,0,0.0,24
gyMag_peak_ipi_med_s,float64,0,0.0,24
gyMag_peak_ipi_cv,float64,0,0.0,24
gyMag_peak_amp_med,float64,0,0.0,24
gyMag_peak_amp_cv,float64,0,0.0,24
jerk_dfa_alpha,float64,0,0.0,24
jerk_hurst_rs,float64,0,0.0,24
jerk_permen_m3,float64,0,0.0,24
jerk_lz_c,float64,0,0.0,20
jerk_acf_tau_1e_s,float64,0,0.0,20
jerk_acf_dom_period_s,float64,0,0.0,23
jerk_acf_dom_peak,float64,0,0.0,24
jerk_peak_rate_min,float64,0,0.0,23
jerk_peak_ipi_med_s,float64,0,0.0,22
jerk_peak_ipi_cv,float64,0,0.0,24
jerk_peak_amp_med,float64,0,0.0,24
jerk_peak_amp_cv,float64,0,0.0,24
rec_dur_min,float64,0,0.0,24
switch_per_min_w0.5_p10,float64,0,0.0,24
act_bout_median_w0.5_p10,float64,0,0.0,17
stl_bout_median_w0.5_p10,float64,0,0.0,5
act_bout_cv_w0.5_p10,float64,0,0.0,24
stl_bout_cv_w0.5_p10,float64,0,0.0,24
frac_act_short_w0.5_p10,float64,0,0.0,24
within_win_sd_w0.5,float64,0,0.0,24
switch_per_min_w0.5_p20,float64,0,0.0,24
act_bout_median_w0.5_p20,float64,0,0.0,11
stl_bout_median_w0.5_p20,float64,0,0.0,4
act_bout_cv_w0.5_p20,float64,0,0.0,24
stl_bout_cv_w0.5_p20,float64,0,0.0,24
frac_act_short_w0.5_p20,float64,0,0.0,24
switch_per_min_w0.5_p30,float64,0,0.0,24
act_bout_median_w0.5_p30,float64,0,0.0,9
stl_bout_median_w0.5_p30,float64,0,0.0,4
act_bout_cv_w0.5_p30,float64,0,0.0,24
stl_bout_cv_w0.5_p30,float64,0,0.0,24
frac_act_short_w0.5_p30,float64,0,0.0,24
switch_per_min_w0.5_p40,float64,0,0.0,24
act_bout_median_w0.5_p40,float64,0,0.0,6
stl_bout_median_w0.5_p40,float64,0,0.0,3
act_bout_cv_w0.5_p40,float64,0,0.0,24
stl_bout_cv_w0.5_p40,float64,0,0.0,24
frac_act_short_w0.5_p40,float64,0,0.0,24
switch_per_min_w0.5_p50,float64,0,0.0,24
act_bout_median_w0.5_p50,float64,0,0.0,5
stl_bout_median_w0.5_p50,float64,0,0.0,4
act_bout_cv_w0.5_p50,float64,0,0.0,24
stl_bout_cv_w0.5_p50,float64,0,0.0,24
frac_act_short_w0.5_p50,float64,0,0.0,24
switch_per_min_w0.5_p60,float64,0,0.0,24
act_bout_median_w0.5_p60,float64,0,0.0,3
stl_bout_median_w0.5_p60,float64,0,0.0,6
act_bout_cv_w0.5_p60,float64,0,0.0,24
stl_bout_cv_w0.5_p60,float64,0,0.0,24
frac_act_short_w0.5_p60,float64,0,0.0,23
switch_per_min_w0.5_p70,float64,0,0.0,24
act_bout_median_w0.5_p70,float64,0,0.0,5
stl_bout_median_w0.5_p70,float64,0,0.0,5
act_bout_cv_w0.5_p70,float64,0,0.0,24
stl_bout_cv_w0.5_p70,float64,0,0.0,24
frac_act_short_w0.5_p70,float64,0,0.0,21
switch_per_min_w0.5_p80,float64,0,0.0,24
act_bout_median_w0.5_p80,float64,0,0.0,4
stl_bout_median_w0.5_p80,float64,0,0.0,9
act_bout_cv_w0.5_p80,float64,0,0.0,24
stl_bout_cv_w0.5_p80,float64,0,0.0,24
frac_act_short_w0.5_p80,float64,0,0.0,18
switch_per_min_w0.5_p90,float64,0,0.0,24
act_bout_median_w0.5_p90,float64,0,0.0,2
stl_bout_median_w0.5_p90,float64,0,0.0,13
act_bout_cv_w0.5_p90,float64,0,0.0,24
stl_bout_cv_w0.5_p90,float64,0,0.0,24
frac_act_short_w0.5_p90,float64,0,0.0,9
switch_per_min_w1_p10,float64,0,0.0,24
act_bout_median_w1_p10,float64,0,0.0,18
stl_bout_median_w1_p10,float64,0,0.0,4
act_bout_cv_w1_p10,float64,0,0.0,24
stl_bout_cv_w1_p10,float64,0,0.0,24
frac_act_short_w1_p10,float64,0,0.0,23
within_win_sd_w1,float64,0,0.0,24
switch_per_min_w1_p20,float64,0,0.0,24
act_bout_median_w1_p20,float64,0,0.0,10
stl_bout_median_w1_p20,float64,0,0.0,4
act_bout_cv_w1_p20,float64,0,0.0,24
stl_bout_cv_w1_p20,float64,0,0.0,24
frac_act_short_w1_p20,float64,0,0.0,23
switch_per_min_w1_p30,float64,0,0.0,24
act_bout_median_w1_p30,float64,0,0.0,8
stl_bout_median_w1_p30,float64,0,0.0,5
act_bout_cv_w1_p30,float64,0,0.0,24
stl_bout_cv_w1_p30,float64,0,0.0,24
frac_act_short_w1_p30,float64,0,0.0,23
switch_per_min_w1_p40,float64,0,0.0,24
act_bout_median_w1_p40,float64,0,0.0,9
stl_bout_median_w1_p40,float64,0,0.0,4
act_bout_cv_w1_p40,float64,0,0.0,24
stl_bout_cv_w1_p40,float64,0,0.0,24
frac_act_short_w1_p40,float64,0,0.0,23
switch_per_min_w1_p50,float64,0,0.0,24
act_bout_median_w1_p50,float64,0,0.0,6
stl_bout_median_w1_p50,float64,0,0.0,4
act_bout_cv_w1_p50,float64,0,0.0,24
stl_bout_cv_w1_p50,float64,0,0.0,24
frac_act_short_w1_p50,float64,0,0.0,24
switch_per_min_w1_p60,float64,0,0.0,24
act_bout_median_w1_p60,float64,0,0.0,6
stl_bout_median_w1_p60,float64,0,0.0,5
act_bout_cv_w1_p60,float64,0,0.0,24
stl_bout_cv_w1_p60,float64,0,0.0,24
frac_act_short_w1_p60,float64,0,0.0,23
switch_per_min_w1_p70,float64,0,0.0,24
act_bout_median_w1_p70,float64,0,0.0,5
stl_bout_median_w1_p70,float64,0,0.0,7
act_bout_cv_w1_p70,float64,0,0.0,24
stl_bout_cv_w1_p70,float64,0,0.0,24
frac_act_short_w1_p70,float64,0,0.0,24
switch_per_min_w1_p80,float64,0,0.0,24
act_bout_median_w1_p80,float64,0,0.0,4
stl_bout_median_w1_p80,float64,0,0.0,9
act_bout_cv_w1_p80,float64,0,0.0,24
stl_bout_cv_w1_p80,float64,0,0.0,24
frac_act_short_w1_p80,float64,0,0.0,20
switch_per_min_w1_p90,float64,0,0.0,24
act_bout_median_w1_p90,float64,0,0.0,3
stl_bout_median_w1_p90,float64,0,0.0,14
act_bout_cv_w1_p90,float64,0,0.0,24
stl_bout_cv_w1_p90,float64,0,0.0,24
frac_act_short_w1_p90,float64,0,0.0,12
switch_per_min_w2_p10,float64,0,0.0,24
act_bout_median_w2_p10,float64,0,0.0,19
stl_bout_median_w2_p10,float64,0,0.0,2
act_bout_cv_w2_p10,float64,0,0.0,24
stl_bout_cv_w2_p10,float64,0,0.0,24
frac_act_short_w2_p10,float64,0,0.0,23
within_win_sd_w2,float64,0,0.0,24
switch_per_min_w2_p20,float64,0,0.0,24
act_bout_median_w2_p20,float64,0,0.0,13
stl_bout_median_w2_p20,float64,0,0.0,3
act_bout_cv_w2_p20,float64,0,0.0,24
stl_bout_cv_w2_p20,float64,0,0.0,24
frac_act_short_w2_p20,float64,0,0.0,24
switch_per_min_w2_p30,float64,0,0.0,24
act_bout_median_w2_p30,float64,0,0.0,8
stl_bout_median_w2_p30,float64,0,0.0,5
act_bout_cv_w2_p30,float64,0,0.0,24
stl_bout_cv_w2_p30,float64,0,0.0,24
frac_act_short_w2_p30,float64,0,0.0,23
switch_per_min_w2_p40,float64,0,0.0,24
act_bout_median_w2_p40,float64,0,0.0,4
stl_bout_median_w2_p40,float64,0,0.0,3
act_bout_cv_w2_p40,float64,0,0.0,24
stl_bout_cv_w2_p40,float64,0,0.0,24
frac_act_short_w2_p40,float64,0,0.0,24
switch_per_min_w2_p50,float64,0,0.0,24
act_bout_median_w2_p50,float64,0,0.0,4
stl_bout_median_w2_p50,float64,0,0.0,4
act_bout_cv_w2_p50,float64,0,0.0,24
stl_bout_cv_w2_p50,float64,0,0.0,24
frac_act_short_w2_p50,float64,0,0.0,24
switch_per_min_w2_p60,float64,0,0.0,24
act_bout_median_w2_p60,float64,0,0.0,4
stl_bout_median_w2_p60,float64,0,0.0,6
act_bout_cv_w2_p60,float64,0,0.0,24
stl_bout_cv_w2_p60,float64,0,0.0,24
frac_act_short_w2_p60,float64,0,0.0,24
switch_per_min_w2_p70,float64,0,0.0,24
act_bout_median_w2_p70,float64,0,0.0,4
stl_bout_median_w2_p70,float64,0,0.0,10
act_bout_cv_w2_p70,float64,0,0.0,24
stl_bout_cv_w2_p70,float64,0,0.0,24
frac_act_short_w2_p70,float64,0,0.0,24
switch_per_min_w2_p80,float64,0,0.0,24
act_bout_median_w2_p80,float64,0,0.0,3
stl_bout_median_w2_p80,float64,0,0.0,11
act_bout_cv_w2_p80,float64,0,0.0,24
stl_bout_cv_w2_p80,float64,0,0.0,24
frac_act_short_w2_p80,float64,0,0.0,24
switch_per_min_w2_p90,float64,0,0.0,24
act_bout_median_w2_p90,float64,0,0.0,3
stl_bout_median_w2_p90,float64,0,0.0,10
act_bout_cv_w2_p90,float64,0,0.0,24
stl_bout_cv_w2_p90,float64,0,0.0,24
frac_act_short_w2_p90,float64,0,0.0,16
switch_per_min_w5_p10,float64,0,0.0,24
act_bout_median_w5_p10,float64,0,0.0,16
stl_bout_median_w5_p10,float64,0,0.0,3
act_bout_cv_w5_p10,float64,0,0.0,24
stl_bout_cv_w5_p10,float64,0,0.0,24
frac_act_short_w5_p10,float64,0,0.0,22
within_win_sd_w5,float64,0,0.0,24
switch_per_min_w5_p20,float64,0,0.0,24
act_bout_median_w5_p20,float64,0,0.0,11
stl_bout_median_w5_p20,float64,0,0.0,5
act_bout_cv_w5_p20,float64,0,0.0,24
stl_bout_cv_w5_p20,float64,0,0.0,24
frac_act_short_w5_p20,float64,0,0.0,24
switch_per_min_w5_p30,float64,0,0.0,24
act_bout_median_w5_p30,float64,0,0.0,9
stl_bout_median_w5_p30,float64,0,0.0,3
act_bout_cv_w5_p30,float64,0,0.0,24
stl_bout_cv_w5_p30,float64,0,0.0,24
frac_act_short_w5_p30,float64,0,0.0,24
switch_per_min_w5_p40,float64,0,0.0,24
act_bout_median_w5_p40,float64,0,0.0,7
stl_bout_median_w5_p40,float64,0,0.0,3
act_bout_cv_w5_p40,float64,0,0.0,24
stl_bout_cv_w5_p40,float64,0,0.0,24
frac_act_short_w5_p40,float64,0,0.0,24
switch_per_min_w5_p50,float64,0,0.0,24
act_bout_median_w5_p50,float64,0,0.0,6
stl_bout_median_w5_p50,float64,0,0.0,4
act_bout_cv_w5_p50,float64,0,0.0,24
stl_bout_cv_w5_p50,float64,0,0.0,24
frac_act_short_w5_p50,float64,0,0.0,24
switch_per_min_w5_p60,float64,0,0.0,24
act_bout_median_w5_p60,float64,0,0.0,6
stl_bout_median_w5_p60,float64,0,0.0,6
act_bout_cv_w5_p60,float64,0,0.0,24
stl_bout_cv_w5_p60,float64,0,0.0,24
frac_act_short_w5_p60,float64,0,0.0,23
switch_per_min_w5_p70,float64,0,0.0,24
act_bout_median_w5_p70,float64,0,0.0,4
stl_bout_median_w5_p70,float64,0,0.0,8
act_bout_cv_w5_p70,float64,0,0.0,24
stl_bout_cv_w5_p70,float64,0,0.0,24
frac_act_short_w5_p70,float64,0,0.0,24
switch_per_min_w5_p80,float64,0,0.0,24
act_bout_median_w5_p80,float64,0,0.0,4
stl_bout_median_w5_p80,float64,0,0.0,9
act_bout_cv_w5_p80,float64,0,0.0,24
stl_bout_cv_w5_p80,float64,0,0.0,24
frac_act_short_w5_p80,float64,0,0.0,23
switch_per_min_w5_p90,float64,0,0.0,24
act_bout_median_w5_p90,float64,0,0.0,6
stl_bout_median_w5_p90,float64,0,0.0,15
act_bout_cv_w5_p90,float64,0,0.0,24
stl_bout_cv_w5_p90,float64,0,0.0,24
frac_act_short_w5_p90,float64,0,0.0,23
switch_per_min_w10_p10,float64,0,0.0,24
act_bout_median_w10_p10,float64,0,0.0,19
stl_bout_median_w10_p10,float64,0,0.0,5
act_bout_cv_w10_p10,float64,0,0.0,24
stl_bout_cv_w10_p10,float64,0,0.0,24
frac_act_short_w10_p10,float64,0,0.0,20
within_win_sd_w10,float64,0,0.0,24
switch_per_min_w10_p20,float64,0,0.0,24
act_bout_median_w10_p20,float64,0,0.0,10
stl_bout_median_w10_p20,float64,0,0.0,5
act_bout_cv_w10_p20,float64,0,0.0,24
stl_bout_cv_w10_p20,float64,0,0.0,24
frac_act_short_w10_p20,float64,0,0.0,22
switch_per_min_w10_p30,float64,0,0.0,24
act_bout_median_w10_p30,float64,0,0.0,6
stl_bout_median_w10_p30,float64,0,0.0,4
act_bout_cv_w10_p30,float64,0,0.0,24
stl_bout_cv_w10_p30,float64,0,0.0,24
frac_act_short_w10_p30,float64,0,0.0,23
switch_per_min_w10_p40,float64,0,0.0,24
act_bout_median_w10_p40,float64,0,0.0,9
stl_bout_median_w10_p40,float64,0,0.0,5
act_bout_cv_w10_p40,float64,0,0.0,24
stl_bout_cv_w10_p40,float64,0,0.0,24
frac_act_short_w10_p40,float64,0,0.0,22
switch_per_min_w10_p50,float64,0,0.0,24
act_bout_median_w10_p50,float64,0,0.0,8
stl_bout_median_w10_p50,float64,0,0.0,7
act_bout_cv_w10_p50,float64,0,0.0,24
stl_bout_cv_w10_p50,float64,0,0.0,24
frac_act_short_w10_p50,float64,0,0.0,24
switch_per_min_w10_p60,float64,0,0.0,24
act_bout_median_w10_p60,float64,0,0.0,6
stl_bout_median_w10_p60,float64,0,0.0,6
act_bout_cv_w10_p60,float64,0,0.0,24
stl_bout_cv_w10_p60,float64,0,0.0,24
frac_act_short_w10_p60,float64,0,0.0,22
switch_per_min_w10_p70,float64,0,0.0,24
act_bout_median_w10_p70,float64,0,0.0,4
stl_bout_median_w10_p70,float64,0,0.0,5
act_bout_cv_w10_p70,float64,0,0.0,24
stl_bout_cv_w10_p70,float64,0,0.0,24
frac_act_short_w10_p70,float64,0,0.0,24
switch_per_min_w10_p80,float64,0,0.0,24
act_bout_median_w10_p80,float64,0,0.0,5
stl_bout_median_w10_p80,float64,0,0.0,13
act_bout_cv_w10_p80,float64,0,0.0,24
stl_bout_cv_w10_p80,float64,0,0.0,24
frac_act_short_w10_p80,float64,0,0.0,23
switch_per_min_w10_p90,float64,0,0.0,24
act_bout_median_w10_p90,float64,0,0.0,5
stl_bout_median_w10_p90,float64,0,0.0,15
act_bout_cv_w10_p90,float64,0,0.0,24
stl_bout_cv_w10_p90,float64,0,0.0,24
frac_act_short_w10_p90,float64,0,0.0,20
actfrac_p10,float64,0,0.0,24
switchmin_p10,float64,0,0.0,24
actbout_med_p10,float64,0,0.0,23
actbout_cv_p10,float64,0,0.0,24
actshort_p10,float64,0,0.0,24
actfrac_p20,float64,0,0.0,24
switchmin_p20,float64,0,0.0,24
actbout_med_p20,float64,0,0.0,23
actbout_cv_p20,float64,0,0.0,24
actshort_p20,float64,0,0.0,24
actfrac_p30,float64,0,0.0,24
switchmin_p30,float64,0,0.0,24
actbout_med_p30,float64,0,0.0,22
actbout_cv_p30,float64,0,0.0,24
actshort_p30,float64,0,0.0,24
actfrac_p40,float64,0,0.0,24
switchmin_p40,float64,0,0.0,24
actbout_med_p40,float64,0,0.0,21
actbout_cv_p40,float64,0,0.0,24
actshort_p40,float64,0,0.0,24
actfrac_p50,float64,0,0.0,23
switchmin_p50,float64,0,0.0,24
actbout_med_p50,float64,0,0.0,21
actbout_cv_p50,float64,0,0.0,24
actshort_p50,float64,0,0.0,24
actfrac_p60,float64,0,0.0,24
switchmin_p60,float64,0,0.0,24
actbout_med_p60,float64,0,0.0,21
actbout_cv_p60,float64,0,0.0,24
actshort_p60,float64,0,0.0,24
actfrac_p70,float64,0,0.0,24
switchmin_p70,float64,0,0.0,24
actbout_med_p70,float64,0,0.0,21
actbout_cv_p70,float64,0,0.0,24
actshort_p70,float64,0,0.0,24
actfrac_p80,float64,0,0.0,24
switchmin_p80,float64,0,0.0,24
actbout_med_p80,float64,0,0.0,22
actbout_cv_p80,float64,0,0.0,24
actshort_p80,float64,0,0.0,24
actfrac_p90,float64,0,0.0,24
switchmin_p90,float64,0,0.0,24
actbout_med_p90,float64,0,0.0,22
actbout_cv_p90,float64,0,0.0,24
actshort_p90,float64,0,0.0,22
