track,target,model,k,rmse,mae,rho,skill,nc_skill,perm_p,f1,acc,bacc
reg,snap_inatt,ridge,5,6.577160723214917,5.408409573490342,-0.6180925810035486,-0.4646710220558592,-0.07304215107084744,,,,
reg,snap_inatt,ridge,10,6.214183563175172,5.274911882098785,-0.4854565668080279,-0.38383946717202466,-0.07304215107084744,,,,
reg,snap_inatt,svr,5,5.291296154361492,4.085070492945278,-0.5449895632786246,-0.17832123503600172,-0.07304215107084744,,,,
reg,snap_inatt,svr,10,5.164535262020507,3.927314498143783,-0.6150283826557972,-0.1500927921630062,-0.07304215107084744,,,,
reg,snap_inatt,rf,5,6.416347104976634,5.2923587962962975,-0.7056411052250143,-0.4288593615996683,-0.07304215107084744,,,,
reg,snap_inatt,rf,10,5.958388328155102,4.922333581349206,-0.6115264416869386,-0.3268763056984927,-0.07304215107084744,,,,
reg,snap_hyper,ridge,5,4.841922343546312,3.8740327195496698,0.021128365107994332,-0.14147225368207428,-0.0662867630586661,,,,
reg,snap_hyper,ridge,10,4.464218806217366,3.5701438379940114,0.24693776719968374,-0.05242949805977126,-0.0662867630586661,,,,
reg,snap_hyper,svr,5,4.44041817218751,3.683035515989699,0.07262875505873051,-0.04681855235732035,-0.0662867630586661,,,,
reg,snap_hyper,svr,10,4.553998581257583,3.7772138702844242,0.00836331118858109,-0.07359487719618407,-0.0662867630586661,,,,
reg,snap_hyper,rf,5,5.020938668969556,4.244221808862434,-0.051060215677652974,-0.1836749479692137,-0.0662867630586661,,,,
reg,snap_hyper,rf,10,4.366123335596157,3.5712843915343924,0.22360853072627335,-0.029303712476852484,-0.0662867630586661,,,,
reg,snap_odd,ridge,5,4.009235063878237,2.9927252450015316,0.07457245230988058,-0.12680672860827213,-0.06663701641687148,,,,
reg,snap_odd,ridge,10,3.8603130399030676,3.042108031035319,0.13105336293511557,-0.08495177723237068,-0.06663701641687148,,,,
reg,snap_odd,svr,5,3.5314817644199805,2.51773424215359,0.046331996997263085,0.007467172489365237,-0.06663701641687148,0.1497005988023952,,,
reg,snap_odd,svr,10,3.5967599800701815,2.6510638020774886,-0.06265851022487008,-0.010879452603511197,-0.06663701641687148,,,,
reg,snap_odd,rf,5,4.286357726124849,3.1517337211399714,-0.10546045030805595,-0.20469282794994048,-0.06663701641687148,,,,
reg,snap_odd,rf,10,4.11788723445947,3.0827512400793644,-0.1275233060210384,-0.15734372505227645,-0.06663701641687148,,,,
reg,snap_total,ridge,5,12.798224559901824,10.206149472407702,0.000871461763193637,-0.15496373849495004,-0.06669822967095906,,,,
reg,snap_total,ridge,10,12.502546032355548,9.78679265234784,0.1058826042280269,-0.12828050786642375,-0.06669822967095906,,,,
reg,snap_total,svr,5,12.892654446197783,11.01008407361514,-0.6178663901042887,-0.163485474771069,-0.06669822967095906,,,,
reg,snap_total,svr,10,12.8036958290531,10.7697003372813,-0.7337708046090424,-0.15545748803369985,-0.06669822967095906,,,,
reg,snap_total,rf,5,12.676654441992806,9.732816348003848,-0.054902091081199124,-0.1439927575426867,-0.06669822967095906,,,,
reg,snap_total,rf,10,12.060025462476897,9.171667741402116,0.09891091012247781,-0.0883456552346551,-0.06669822967095906,,,,
reg,sdq_hyper,ridge,5,2.738690044015074,2.3649273313928805,-0.40458997386476375,-0.2737040844846377,-0.07507028488030265,,,,
reg,sdq_hyper,ridge,10,2.8196646286025673,2.4439753744308406,-0.29213065431060575,-0.3113635703961326,-0.07507028488030265,,,,
reg,sdq_hyper,svr,5,2.6784900913063483,2.288325958542889,-0.44412645339552237,-0.24570641975494345,-0.07507028488030265,,,,
reg,sdq_hyper,svr,10,2.5715287997140717,2.181646575967831,-0.41117938711989016,-0.19596109195468459,-0.07507028488030265,,,,
reg,sdq_hyper,rf,5,2.788628786339597,2.4496782031625775,-0.44544433604654776,-0.29692948752423076,-0.07507028488030265,,,,
reg,sdq_hyper,rf,10,2.6914520003527334,2.3555446428571427,-0.587775662357279,-0.25173471657925095,-0.07507028488030265,,,,
reg,sdq_emo,ridge,5,1.92159470351972,1.652720394920695,-0.045157285234999484,-0.1255056685924758,-0.06996422275662284,,,,
reg,sdq_emo,ridge,10,2.012164850112068,1.731141443014301,-0.03129712838069271,-0.17855390670856996,-0.06996422275662284,,,,
reg,sdq_emo,svr,5,1.9582404296377545,1.673692065019737,-0.29642851594856096,-0.1469695976926071,-0.06996422275662284,,,,
reg,sdq_emo,svr,10,1.983484597241559,1.694578974814296,-0.2937459049445016,-0.16175546990850065,-0.06996422275662284,,,,
reg,sdq_emo,rf,5,1.9149728890191229,1.6791922799422798,-0.31073577463687757,-0.12162717655503497,-0.06996422275662284,,,,
reg,sdq_emo,rf,10,1.9694512300166942,1.6812496693121688,-0.2678139985719276,-0.15353592479209577,-0.06996422275662284,,,,
reg,sdq_cond,ridge,5,0.9927515419514522,0.7933112500616941,0.1649690058624423,-0.09206461571520252,-0.03383527312204615,,,,
reg,sdq_cond,ridge,10,1.027546975414513,0.7837486058284648,0.19208090376184092,-0.13034092158604227,-0.03383527312204615,,,,
reg,sdq_cond,svr,5,0.9879638339711465,0.770986601483802,0.02297618466050728,-0.08679795406349511,-0.03383527312204615,,,,
reg,sdq_cond,svr,10,1.0221018792148417,0.7860947852918422,-0.05973808011731894,-0.12435110778314695,-0.03383527312204615,,,,
reg,sdq_cond,rf,5,1.0218619175933028,0.813346560846561,0.1066094968247538,-0.12408714083377603,-0.03383527312204615,,,,
reg,sdq_cond,rf,10,1.037083754348534,0.8113885055916304,0.012407139716673931,-0.140831742684411,-0.03383527312204615,,,,
reg,sdq_peer,ridge,5,1.0135100937926749,0.8304606129503598,-0.10391461893249086,-0.20570792471525068,-0.09571789436414502,,,,
reg,sdq_peer,ridge,10,0.8772360493767214,0.7060724316405184,0.10583009577917273,-0.04359143836585666,-0.09571789436414502,,,,
reg,sdq_peer,svr,5,0.8825629309791415,0.694607139102437,0.05602769776544438,-0.04992848759841384,-0.09571789436414502,,,,
reg,sdq_peer,svr,10,0.8596747476177763,0.6605077091806717,0.06704168963386507,-0.022699884518730062,-0.09571789436414502,,,,
reg,sdq_peer,rf,5,0.9703954337950152,0.7634638723544973,-0.07374585859725158,-0.1544171802530494,-0.09571789436414502,,,,
reg,sdq_peer,rf,10,0.7914013342776153,0.5982508267195766,0.3457435708260756,0.05852061443412104,-0.09571789436414502,0.05189620758483034,,,
reg,sdq_pro,ridge,5,2.978681591154852,2.6049332130711664,-0.5787542844239949,-0.3286513681777876,-0.021906864105710078,,,,
reg,sdq_pro,ridge,10,2.9959464797641644,2.6088724768816296,-0.30966058675956737,-0.33635243227954215,-0.021906864105710078,,,,
reg,sdq_pro,svr,5,2.9020442496863246,2.5754326450010963,-0.6639447515237885,-0.29446701329473024,-0.021906864105710078,,,,
reg,sdq_pro,svr,10,2.62697349215166,2.2696094856723468,-0.3515797054912118,-0.17177073738883974,-0.021906864105710078,,,,
reg,sdq_pro,rf,5,3.1274602269340925,2.789549603174603,-0.6797207639496763,-0.3950146003442283,-0.021906864105710078,,,,
reg,sdq_pro,rf,10,2.981111229581958,2.6181547619047616,-0.6337449563085178,-0.3297351169174776,-0.021906864105710078,,,,
reg,sdq_totdiff,ridge,5,3.718711100969828,2.8958394836405934,-0.04749650833685671,-0.16958095255207106,-0.06355503816153463,,,,
reg,sdq_totdiff,ridge,10,3.6301310707223884,2.7614485639438673,0.07168454498988559,-0.14172142990002312,-0.06355503816153463,,,,
reg,sdq_totdiff,svr,5,3.3245547756101477,2.732623519547024,-0.1156627934499381,-0.04561387956584961,-0.06355503816153463,,,,
reg,sdq_totdiff,svr,10,3.2881188689855554,2.695055083135069,-0.04661694336765566,-0.03415433317463479,-0.06355503816153463,,,,
reg,sdq_totdiff,rf,5,3.7691721911113296,2.823039186507936,-0.07476302238208926,-0.1854515938232153,-0.06355503816153463,,,,
reg,sdq_totdiff,rf,10,3.728060412361168,2.830027612433863,-0.12445844314194861,-0.1725214274171225,-0.06355503816153463,,,,
bin,snap_inatt__qbin,logit,5,,,,,,,0.4166666666666667,0.4166666666666667,0.4166666666666667
bin,snap_inatt__qbin,logit,10,,,,,,,0.3333333333333333,0.3333333333333333,0.3333333333333333
bin,snap_inatt__qbin,svm,5,,,,,,,0.3739130434782609,0.375,0.375
bin,snap_inatt__qbin,svm,10,,,,,,,0.3333333333333333,0.3333333333333333,0.3333333333333333
bin,snap_inatt__qbin,rf,5,,,,,,0.4231536926147705,0.5343915343915344,0.5416666666666666,0.5416666666666666
bin,snap_inatt__qbin,rf,10,,,,,,,0.36507936507936506,0.375,0.375
bin,snap_hyper__qbin,logit,5,,,,,,,0.32867132867132864,0.3333333333333333,0.32867132867132864
bin,snap_hyper__qbin,logit,10,,,,,,,0.3739130434782609,0.375,0.38111888111888115
bin,snap_hyper__qbin,svm,5,,,,,,,0.4166666666666667,0.4166666666666667,0.4195804195804196
bin,snap_hyper__qbin,svm,10,,,,,,,0.4857142857142857,0.5,0.48951048951048953
bin,snap_hyper__qbin,rf,5,,,,,,,0.36507936507936506,0.375,0.36713286713286714
bin,snap_hyper__qbin,rf,10,,,,,,,0.4166666666666667,0.4166666666666667,0.4195804195804196
bin,snap_odd__qbin,logit,5,,,,,,,0.34375,0.4166666666666667,0.3555555555555555
bin,snap_odd__qbin,logit,10,,,,,,,0.37777777777777777,0.4166666666666667,0.37777777777777777
bin,snap_odd__qbin,svm,5,,,,,,,0.28888888888888886,0.3333333333333333,0.28888888888888886
bin,snap_odd__qbin,svm,10,,,,,,,0.19576719576719576,0.20833333333333334,0.18888888888888888
bin,snap_odd__qbin,rf,5,,,,,,,0.34664246823956446,0.375,0.34444444444444444
bin,snap_odd__qbin,rf,10,,,,,,,0.28888888888888886,0.3333333333333333,0.28888888888888886
bin,snap_total__qbin,logit,5,,,,,,0.3712574850299401,0.5408695652173914,0.5416666666666666,0.5416666666666667
bin,snap_total__qbin,logit,10,,,,,,0.36726546906187624,0.5408695652173914,0.5416666666666666,0.5416666666666667
bin,snap_total__qbin,svm,5,,,,,,,0.5,0.5,0.5
bin,snap_total__qbin,svm,10,,,,,,,0.45739130434782604,0.4583333333333333,0.45833333333333337
bin,snap_total__qbin,rf,5,,,,,,0.15169660678642716,0.6666666666666666,0.6666666666666666,0.6666666666666666
bin,snap_total__qbin,rf,10,,,,,,0.2634730538922156,0.5804195804195804,0.5833333333333334,0.5833333333333333
bin,sdq_hyper__qbin,logit,5,,,,,,,0.2285714285714286,0.25,0.2285714285714286
bin,sdq_hyper__qbin,logit,10,,,,,,,0.34664246823956446,0.375,0.35
bin,sdq_hyper__qbin,svm,5,,,,,,,0.24475524475524477,0.25,0.24285714285714285
bin,sdq_hyper__qbin,svm,10,,,,,,,0.34664246823956446,0.375,0.35
bin,sdq_hyper__qbin,rf,5,,,,,,,0.2285714285714286,0.25,0.2285714285714286
bin,sdq_hyper__qbin,rf,10,,,,,,,0.34375,0.4166666666666667,0.37142857142857144
bin,sdq_emo__qbin,logit,5,,,,,,0.2754491017964072,0.5833333333333334,0.5833333333333334,0.5833333333333334
bin,sdq_emo__qbin,logit,10,,,,,,,0.49650349650349646,0.5,0.5
bin,sdq_emo__qbin,svm,5,,,,,,0.25149700598802394,0.6243478260869566,0.625,0.625
bin,sdq_emo__qbin,svm,10,,,,,,,0.45739130434782604,0.4583333333333333,0.45833333333333337
bin,sdq_emo__qbin,rf,5,,,,,,0.34331337325349304,0.5408695652173914,0.5416666666666666,0.5416666666666667
bin,sdq_emo__qbin,rf,10,,,,,,,0.49650349650349646,0.5,0.5
bin,sdq_cond__qbin,logit,5,,,,,,0.14171656686626746,0.6606060606060606,0.7083333333333334,0.65625
bin,sdq_cond__qbin,logit,10,,,,,,0.11776447105788423,0.6606060606060606,0.7083333333333334,0.65625
bin,sdq_cond__qbin,svm,5,,,,,,0.2375249500998004,0.5901328273244781,0.625,0.59375
bin,sdq_cond__qbin,svm,10,,,,,,0.04790419161676647,0.7575757575757576,0.7916666666666666,0.75
bin,sdq_cond__qbin,rf,5,,,,,,0.20359281437125748,0.5901328273244781,0.625,0.59375
bin,sdq_cond__qbin,rf,10,,,,,,0.25149700598802394,0.5636363636363637,0.625,0.5625
bin,sdq_peer__qbin,logit,5,,,,,,,0.4146341463414634,0.7083333333333334,0.4722222222222222
bin,sdq_peer__qbin,logit,10,,,,,,,0.4,0.6666666666666666,0.4444444444444444
bin,sdq_peer__qbin,svm,5,,,,,,,0.4146341463414634,0.7083333333333334,0.4722222222222222
bin,sdq_peer__qbin,svm,10,,,,,,,0.4,0.6666666666666666,0.4444444444444444
bin,sdq_peer__qbin,rf,5,,,,,,,0.42857142857142855,0.75,0.5
bin,sdq_peer__qbin,rf,10,,,,,,,0.42857142857142855,0.75,0.5
bin,sdq_pro__qbin,logit,5,,,,,,,0.37777777777777777,0.4166666666666667,0.37777777777777777
bin,sdq_pro__qbin,logit,10,,,,,,,0.37777777777777777,0.4166666666666667,0.37777777777777777
bin,sdq_pro__qbin,svm,5,,,,,,0.3932135728542914,0.5208711433756805,0.5416666666666666,0.5222222222222221
bin,sdq_pro__qbin,svm,10,,,,,,,0.31688804554079697,0.375,0.3222222222222222
bin,sdq_pro__qbin,rf,5,,,,,,,0.2285714285714286,0.25,0.2222222222222222
bin,sdq_pro__qbin,rf,10,,,,,,,0.1724137931034483,0.20833333333333334,0.16666666666666666
bin,sdq_totdiff__qbin,logit,5,,,,,,0.013972055888223553,0.8125,0.8333333333333334,0.8
bin,sdq_totdiff__qbin,logit,10,,,,,,0.3153692614770459,0.5555555555555556,0.5833333333333334,0.5555555555555556
bin,sdq_totdiff__qbin,svm,5,,,,,,0.06986027944111776,0.71875,0.75,0.7111111111111111
bin,sdq_totdiff__qbin,svm,10,,,,,,0.40718562874251496,0.5208711433756805,0.5416666666666666,0.5222222222222221
bin,sdq_totdiff__qbin,rf,5,,,,,,0.24151696606786427,0.5901328273244781,0.625,0.5888888888888888
bin,sdq_totdiff__qbin,rf,10,,,,,,0.37524950099800397,0.53125,0.5833333333333334,0.5333333333333333
bin,snap_total__normT55,logit,5,,,,,,,0.3684210526315789,0.5833333333333334,0.4117647058823529
bin,snap_total__normT55,logit,10,,,,,,,0.3333333333333333,0.5,0.35294117647058826
bin,snap_total__normT55,svm,5,,,,,,,0.46928746928746934,0.625,0.4831932773109243
bin,snap_total__normT55,svm,10,,,,,,,0.3142857142857143,0.4583333333333333,0.3235294117647059
bin,snap_total__normT55,rf,5,,,,,,,0.46928746928746934,0.625,0.4831932773109243
bin,snap_total__normT55,rf,10,,,,,,,0.3684210526315789,0.5833333333333334,0.4117647058823529
multi,snap_inatt__qter,logit,5,,,,,,,0.09206349206349207,0.08333333333333333,0.08333333333333333
multi,snap_inatt__qter,logit,10,,,,,,,0.17777777777777778,0.20833333333333334,0.20833333333333334
multi,snap_inatt__qter,svm,5,,,,,,,0.13333333333333333,0.125,0.125
multi,snap_inatt__qter,svm,10,,,,,,,0.22222222222222224,0.25,0.25
multi,snap_inatt__qter,rf,5,,,,,,,0.047619047619047616,0.041666666666666664,0.041666666666666664
multi,snap_inatt__qter,rf,10,,,,,,,0.12535612535612536,0.125,0.125
multi,snap_inatt__qquar,logit,5,,,,,,,0.23823529411764707,0.2916666666666667,0.26041666666666663
multi,snap_inatt__qquar,logit,10,,,,,,,0.15192307692307694,0.20833333333333334,0.17708333333333331
multi,snap_inatt__qquar,svm,5,,,,,,,0.29643493761140816,0.375,0.3333333333333333
multi,snap_inatt__qquar,svm,10,,,,,,,0.14090909090909093,0.16666666666666666,0.14583333333333331
multi,snap_inatt__qquar,rf,5,,,,,,,0.13257575757575757,0.20833333333333334,0.16666666666666666
multi,snap_inatt__qquar,rf,10,,,,,,,0.08608058608058608,0.125,0.10416666666666666
multi,snap_hyper__qter,logit,5,,,,,,,0.22023809523809523,0.25,0.23376623376623376
multi,snap_hyper__qter,logit,10,,,,,,,0.15350877192982457,0.16666666666666666,0.15584415584415584
multi,snap_hyper__qter,svm,5,,,,,,,0.30952380952380953,0.375,0.3246753246753247
multi,snap_hyper__qter,svm,10,,,,,,,0.18333333333333335,0.20833333333333334,0.18614718614718614
multi,snap_hyper__qter,rf,5,,,,,,,0.14682539682539683,0.16666666666666666,0.15584415584415584
multi,snap_hyper__qter,rf,10,,,,,,,0.12063492063492064,0.125,0.12554112554112554
multi,snap_hyper__qquar,logit,5,,,,,,,0.11538461538461539,0.20833333333333334,0.12662337662337664
multi,snap_hyper__qquar,logit,10,,,,,,,0.10389610389610389,0.16666666666666666,0.10389610389610389
multi,snap_hyper__qquar,svm,5,,,,,,,0.09571428571428571,0.16666666666666666,0.10389610389610389
multi,snap_hyper__qquar,svm,10,,,,,,,0.06521739130434782,0.125,0.06818181818181818
multi,snap_hyper__qquar,rf,5,,,,,,,0.08,0.16666666666666666,0.09090909090909091
multi,snap_hyper__qquar,rf,10,,,,,,,0.10344827586206896,0.25,0.13636363636363635
multi,snap_odd__qter,logit,5,,,,,,,0.2037037037037037,0.20833333333333334,0.19722222222222222
multi,snap_odd__qter,logit,10,,,,,,,0.21637426900584797,0.25,0.225
multi,snap_odd__qter,svm,5,,,,,,,0.11176470588235295,0.125,0.10833333333333334
multi,snap_odd__qter,svm,10,,,,,,,0.1851851851851852,0.20833333333333334,0.18333333333333335
multi,snap_odd__qter,rf,5,,,,,,,0.17254901960784316,0.20833333333333334,0.17500000000000002
multi,snap_odd__qter,rf,10,,,,,,,0.17956656346749225,0.20833333333333334,0.17500000000000002
multi,snap_odd__qquar,logit,5,,,,,,,0.21274509803921568,0.20833333333333334,0.1919642857142857
multi,snap_odd__qquar,logit,10,,,,,,,0.075,0.08333333333333333,0.07738095238095238
multi,snap_odd__qquar,svm,5,,,,,,,0.14052287581699346,0.125,0.11904761904761904
multi,snap_odd__qquar,svm,10,,,,,,,0.05,0.08333333333333333,0.07142857142857142
multi,snap_odd__qquar,rf,5,,,,,,,0.15384615384615385,0.16666666666666666,0.1607142857142857
multi,snap_odd__qquar,rf,10,,,,,,,0.07692307692307693,0.08333333333333333,0.07738095238095238
multi,snap_total__qter,logit,5,,,,,,,0.2074074074074074,0.20833333333333334,0.20833333333333334
multi,snap_total__qter,logit,10,,,,,,,0.16699346405228757,0.16666666666666666,0.16666666666666666
multi,snap_total__qter,svm,5,,,,,,,0.3247863247863248,0.3333333333333333,0.3333333333333333
multi,snap_total__qter,svm,10,,,,,,,0.20985797827903088,0.20833333333333334,0.20833333333333334
multi,snap_total__qter,rf,5,,,,,,,0.24787581699346406,0.25,0.25
multi,snap_total__qter,rf,10,,,,,,,0.24297385620915032,0.25,0.25
multi,snap_total__qquar,logit,5,,,,,,,0.19583333333333333,0.25,0.23809523809523808
multi,snap_total__qquar,logit,10,,,,,,,0.05,0.041666666666666664,0.041666666666666664
multi,snap_total__qquar,svm,5,,,,,,,0.19642857142857142,0.25,0.23809523809523808
multi,snap_total__qquar,svm,10,,,,,,,0.11538461538461539,0.125,0.125
multi,snap_total__qquar,rf,5,,,,,,,0.20238095238095238,0.25,0.24404761904761907
multi,snap_total__qquar,rf,10,,,,,,,0.09090909090909091,0.08333333333333333,0.08333333333333333
multi,sdq_hyper__qter,logit,5,,,,,,,0.09523809523809523,0.08333333333333333,0.08333333333333333
multi,sdq_hyper__qter,logit,10,,,,,,,0.32624831309041835,0.3333333333333333,0.3333333333333333
multi,sdq_hyper__qter,svm,5,,,,,,,0.1417797888386124,0.125,0.125
multi,sdq_hyper__qter,svm,10,,,,,,,0.32624831309041835,0.3333333333333333,0.3333333333333333
multi,sdq_hyper__qter,rf,5,,,,,,,0.12287581699346406,0.125,0.125
multi,sdq_hyper__qter,rf,10,,,,,,,0.3562929445282386,0.375,0.375
multi,sdq_hyper__qquar,logit,5,,,,,,,0.32727272727272727,0.375,0.3333333333333333
multi,sdq_hyper__qquar,logit,10,,,,,,,0.10416666666666666,0.125,0.10416666666666666
multi,sdq_hyper__qquar,svm,5,,,,,,,0.3463203463203463,0.4166666666666667,0.3645833333333333
multi,sdq_hyper__qquar,svm,10,,,,,,,0.2161276223776224,0.25,0.21875
multi,sdq_hyper__qquar,rf,5,,,,,,,0.2039473684210526,0.25,0.21875
multi,sdq_hyper__qquar,rf,10,,,,,,,0.13571428571428573,0.20833333333333334,0.16666666666666666
multi,sdq_totdiff__qter,logit,5,,,,,,,0.09064327485380115,0.08333333333333333,0.08465608465608465
multi,sdq_totdiff__qter,logit,10,,,,,,,0.16977124183006534,0.16666666666666666,0.17394179894179893
multi,sdq_totdiff__qter,svm,5,,,,,,,0.03508771929824561,0.041666666666666664,0.037037037037037035
multi,sdq_totdiff__qter,svm,10,,,,,,,0.20985797827903088,0.20833333333333334,0.21097883597883596
multi,sdq_totdiff__qter,rf,5,,,,,,,0.07953216374269005,0.08333333333333333,0.08465608465608465
multi,sdq_totdiff__qter,rf,10,,,,,,,0.1692307692307692,0.16666666666666666,0.1693121693121693
multi,sdq_totdiff__qquar,logit,5,,,,,,,0.45892857142857135,0.5,0.4571428571428572
multi,sdq_totdiff__qquar,logit,10,,,,,,,0.15625,0.20833333333333334,0.15625
multi,sdq_totdiff__qquar,svm,5,,,,,,0.001996007984031936,0.5931839402427638,0.625,0.5866071428571429
multi,sdq_totdiff__qquar,svm,10,,,,,,,0.17938311688311687,0.20833333333333334,0.20089285714285715
multi,sdq_totdiff__qquar,rf,5,,,,,,,0.4371543489190548,0.4583333333333333,0.4482142857142857
multi,sdq_totdiff__qquar,rf,10,,,,,,,0.2865021008403361,0.3333333333333333,0.2901785714285714
