target,track,fold,k_star,features
snap_inatt,reg,0,2,stl_bout_median_w1_p20;frac_act_short_w10_p20
snap_inatt,reg,1,1,frac_act_short_w10_p20
snap_inatt,reg,2,2,act_bout_cv_w10_p10;frac_act_short_w10_p20
snap_inatt,reg,3,1,frac_act_short_w10_p20
snap_inatt,reg,4,1,frac_act_short_w10_p20
snap_inatt,reg,5,1,frac_act_short_w10_p20
snap_inatt,reg,6,1,frac_act_short_w10_p20
snap_inatt,reg,7,1,frac_act_short_w10_p20
snap_inatt,reg,8,1,frac_act_short_w10_p20
snap_inatt,reg,9,1,frac_act_short_w10_p20
snap_inatt,reg,10,1,frac_act_short_w10_p20
snap_inatt,reg,11,1,frac_act_short_w10_p20
snap_inatt,reg,12,1,frac_act_short_w10_p20
snap_inatt,reg,13,1,frac_act_short_w10_p20
snap_inatt,reg,14,1,frac_act_short_w10_p20
snap_inatt,reg,15,1,frac_act_short_w10_p20
snap_inatt,reg,16,1,frac_act_short_w10_p20
snap_inatt,reg,17,1,frac_act_short_w10_p20
snap_inatt,reg,18,1,frac_act_short_w10_p20
snap_inatt,reg,19,1,frac_act_short_w10_p20
snap_inatt,reg,20,1,frac_act_short_w10_p20
snap_inatt,reg,21,1,frac_act_short_w10_p20
snap_inatt,reg,22,1,frac_act_short_w10_p20
snap_inatt,reg,23,1,frac_act_short_w10_p20
snap_hyper,reg,0,15,uaY_domfreq;uaZ_skew;uaMag_std;uaMag_spread;uaMag_bp_mf;uaMag_bp_hf;gyY_max;gyZ_mean;gyMag_bp_mf;jerk_dfa_alpha;stl_bout_median_w0.5_p30;stl_bout_median_w1_p20;frac_act_short_w10_p20;actbout_med_p10;actshort_p80
snap_hyper,reg,1,15,uaY_domfreq;uaZ_skew;uaMag_std;uaMag_spread;uaMag_bp_mf;uaMag_bp_hf;gyY_max;gyZ_mean;gyMag_bp_mf;jerk_dfa_alpha;stl_bout_median_w0.5_p30;stl_bout_median_w1_p20;stl_bout_cv_w2_p10;frac_act_short_w10_p20;actbout_med_p10
snap_hyper,reg,2,7,uaZ_skew;uaMag_spread;uaMag_bp_mf;uaMag_bp_hf;gyMag_permen_m3;jerk_dfa_alpha;frac_act_short_w10_p20
snap_hyper,reg,3,20,uaX_std;uaY_domfreq;uaZ_std;uaZ_skew;uaMag_std;uaMag_rms;uaMag_spread;uaMag_bp_mf;uaMag_bp_hf;gyY_max;gyZ_mean;roll_mean;roll_median;yaw_domfreq;jerk_dfa_alpha;stl_bout_median_w0.5_p30;stl_bout_median_w1_p20;frac_act_short_w10_p20;actbout_med_p10;actshort_p80
snap_hyper,reg,4,20,uaX_std;uaY_mean;uaZ_std;uaMag_std;uaMag_rms;uaMag_iqr;uaMag_spread;uaMag_bp_hf;gyY_max;gyMag_iqr;roll_mean;roll_median;yaw_domfreq;uaMag_peak_amp_med;jerk_dfa_alpha;stl_bout_median_w1_p20;frac_act_short_w10_p20;actbout_med_p10;actshort_p60;actshort_p70
snap_hyper,reg,5,14,uaY_domfreq;uaZ_std;uaZ_skew;uaMag_std;uaMag_spread;uaMag_bp_mf;uaMag_bp_hf;gyX_skew;gyY_max;gyZ_mean;pitch_kurt;jerk_dfa_alpha;frac_act_short_w10_p20;actbout_med_p10
snap_hyper,reg,6,4,uaMag_spread;uaMag_bp_mf;jerk_dfa_alpha;frac_act_short_w10_p20
snap_hyper,reg,7,10,uaX_std;uaY_domfreq;uaZ_std;uaMag_std;uaMag_spread;uaMag_bp_mf;uaMag_bp_hf;gyZ_mean;jerk_dfa_alpha;frac_act_short_w10_p20
snap_hyper,reg,8,1,frac_act_short_w10_p20
snap_hyper,reg,9,20,uaX_std;uaY_domfreq;uaZ_std;uaZ_skew;uaMag_std;uaMag_rms;uaMag_spread;uaMag_bp_mf;uaMag_bp_hf;gyY_max;gyZ_mean;gyMag_max;gyMag_centroid;gyMag_bp_mf;jerk_dfa_alpha;stl_bout_median_w0.5_p30;stl_bout_median_w1_p20;frac_act_short_w10_p20;actbout_med_p10;actshort_p80
snap_hyper,reg,10,4,uaMag_spread;uaMag_bp_mf;jerk_dfa_alpha;frac_act_short_w10_p20
snap_hyper,reg,11,20,uaX_std;uaY_domfreq;uaZ_skew;uaMag_std;uaMag_spread;uaMag_bp_mf;uaMag_bp_hf;gyY_max;gyZ_mean;gyMag_bp_mf;pitch_kurt;roll_mean;roll_median;yaw_domfreq;jerk_dfa_alpha;stl_bout_median_w0.5_p30;act_bout_median_w0.5_p90;stl_bout_median_w1_p20;frac_act_short_w10_p20;actbout_med_p10
snap_hyper,reg,12,5,uaMag_spread;uaMag_bp_mf;jerk_dfa_alpha;stl_bout_median_w1_p20;frac_act_short_w10_p20
snap_hyper,reg,13,19,uaX_std;uaY_domfreq;uaZ_skew;uaMag_std;uaMag_spread;uaMag_bp_mf;uaMag_bp_hf;gyY_max;gyZ_mean;pitch_kurt;roll_mean;roll_median;yaw_domfreq;jerk_dfa_alpha;stl_bout_median_w0.5_p10;stl_bout_median_w0.5_p30;stl_bout_median_w1_p20;frac_act_short_w10_p20;actbout_med_p10
snap_hyper,reg,14,18,uaX_std;uaY_domfreq;uaZ_skew;uaMag_std;uaMag_spread;uaMag_bp_mf;uaMag_bp_hf;gyY_max;gyZ_mean;gyMag_bp_mf;roll_mean;roll_median;yaw_domfreq;jerk_dfa_alpha;stl_bout_median_w0.5_p30;stl_bout_median_w1_p20;frac_act_short_w10_p20;actbout_med_p10
snap_hyper,reg,15,11,uaY_domfreq;uaMag_std;uaMag_spread;uaMag_bp_mf;uaMag_bp_hf;gyY_max;gyZ_mean;jerk_dfa_alpha;stl_bout_median_w1_p20;frac_act_short_w10_p20;actbout_med_p10
snap_hyper,reg,16,17,uaY_domfreq;uaZ_skew;uaMag_std;uaMag_spread;uaMag_bp_mf;uaMag_bp_hf;gyY_max;gyZ_mean;gyMag_bp_mf;roll_mean;roll_median;yaw_domfreq;jerk_dfa_alpha;stl_bout_median_w0.5_p30;stl_bout_median_w1_p20;frac_act_short_w10_p20;actbout_med_p10
snap_hyper,reg,17,19,uaX_std;uaY_domfreq;uaZ_skew;uaMag_std;uaMag_rms;uaMag_spread;uaMag_bp_mf;uaMag_bp_hf;gyY_max;gyZ_mean;gyMag_iqr;pitch_kurt;roll_mean;roll_median;yaw_domfreq;jerk_dfa_alpha;stl_bout_median_w1_p20;frac_act_short_w10_p20;actbout_med_p10
snap_hyper,reg,18,19,uaY_domfreq;uaZ_skew;uaMag_std;uaMag_spread;uaMag_bp_mf;uaMag_bp_hf;gyY_max;gyZ_mean;roll_mean;roll_median;yaw_domfreq;jerk_dfa_alpha;act_bout_median_w0.5_p90;stl_bout_median_w1_p20;stl_bout_median_w5_p30;frac_act_short_w10_p20;frac_act_short_w10_p30;actbout_med_p10;actshort_p80
snap_hyper,reg,19,16,uaY_domfreq;uaZ_skew;uaMag_std;uaMag_spread;uaMag_bp_mf;uaMag_bp_hf;gyY_max;gyZ_mean;roll_mean;roll_median;jerk_dfa_alpha;stl_bout_median_w0.5_p30;stl_bout_median_w1_p20;stl_bout_median_w5_p30;frac_act_short_w10_p20;actbout_med_p10
snap_hyper,reg,20,8,uaY_domfreq;uaMag_spread;uaMag_bp_mf;gyZ_mean;jerk_dfa_alpha;stl_bout_median_w1_p20;frac_act_short_w10_p20;actbout_med_p10
snap_hyper,reg,21,17,uaX_std;uaY_domfreq;uaZ_skew;uaMag_std;uaMag_spread;uaMag_bp_mf;uaMag_bp_hf;gyY_max;gyZ_mean;gyMag_bp_mf;roll_mean;roll_median;jerk_dfa_alpha;stl_bout_median_w1_p20;frac_act_short_w10_p20;actbout_med_p10;actshort_p80
snap_hyper,reg,22,19,uaX_skew;uaY_domfreq;uaMag_spread;uaMag_bp_mf;uaMag_bp_hf;gyY_max;gyZ_mean;pitch_kurt;roll_mean;roll_median;jerk_dfa_alpha;stl_bout_median_w0.5_p30;act_bout_median_w0.5_p90;stl_bout_median_w1_p20;stl_bout_median_w5_p30;act_bout_median_w5_p60;frac_act_short_w10_p20;actbout_med_p10;actshort_p80
snap_hyper,reg,23,17,uaX_std;uaY_domfreq;uaMag_std;uaMag_spread;uaMag_bp_mf;gyY_max;gyY_madiff;gyZ_mean;gyMag_std;gyMag_iqr;pitch_kurt;roll_mean;roll_median;jerk_dfa_alpha;stl_bout_median_w0.5_p30;act_bout_median_w0.5_p70;frac_act_short_w10_p20
snap_odd,reg,0,2,yaw_kurt;actbout_med_p20
snap_odd,reg,1,1,actbout_med_p20
snap_odd,reg,2,1,yaw_kurt
snap_odd,reg,3,17,uaX_std;uaZ_std;uaMag_std;uaMag_rms;uaMag_spread;uaMag_bp_hf;yaw_kurt;jerk_dfa_alpha;stl_bout_median_w0.5_p30;switch_per_min_w0.5_p40;act_bout_median_w1_p50;switch_per_min_w5_p20;stl_bout_median_w10_p10;switch_per_min_w10_p30;frac_act_short_w10_p30;actbout_med_p10;actbout_med_p20
snap_odd,reg,4,2,yaw_kurt;actbout_med_p20
snap_odd,reg,5,6,yaw_std;yaw_kurt;stl_bout_median_w0.5_p30;stl_bout_median_w10_p10;actbout_med_p10;actbout_med_p20
snap_odd,reg,6,1,yaw_kurt
snap_odd,reg,7,1,yaw_kurt
snap_odd,reg,8,1,yaw_kurt
snap_odd,reg,9,1,yaw_kurt
snap_odd,reg,10,10,yaw_std;yaw_kurt;stl_bout_median_w0.5_p30;switch_per_min_w0.5_p40;switch_per_min_w5_p20;stl_bout_median_w10_p10;stl_bout_median_w10_p60;stl_bout_median_w10_p70;actbout_med_p10;actbout_med_p20
snap_odd,reg,11,1,yaw_kurt
snap_odd,reg,12,2,yaw_kurt;actbout_med_p20
snap_odd,reg,13,1,yaw_kurt
snap_odd,reg,14,1,yaw_kurt
snap_odd,reg,15,1,yaw_kurt
snap_odd,reg,16,2,yaw_kurt;stl_bout_median_w10_p10
snap_odd,reg,17,10,gyX_domfreq;roll_mean;jerk_centroid;stl_bout_cv_w2_p10;act_bout_median_w2_p80;stl_bout_median_w10_p10;frac_act_short_w10_p20;stl_bout_median_w10_p60;stl_bout_median_w10_p70;actbout_med_p10
snap_odd,reg,18,3,yaw_kurt;stl_bout_median_w10_p10;actbout_med_p20
snap_odd,reg,19,4,yaw_kurt;stl_bout_median_w10_p10;frac_act_short_w10_p20;actbout_med_p20
snap_odd,reg,20,2,yaw_kurt;actbout_med_p20
snap_odd,reg,21,13,roll_mean;roll_median;yaw_std;yaw_kurt;jerk_dfa_alpha;stl_bout_median_w0.5_p30;switch_per_min_w0.5_p40;switch_per_min_w5_p20;stl_bout_median_w10_p10;stl_bout_median_w10_p60;stl_bout_median_w10_p70;actbout_med_p10;actbout_med_p20
snap_odd,reg,22,1,yaw_kurt
snap_odd,reg,23,12,roll_mean;yaw_std;yaw_kurt;jerk_dfa_alpha;stl_bout_median_w0.5_p30;switch_per_min_w0.5_p40;switch_per_min_w5_p20;stl_bout_median_w10_p10;stl_bout_median_w10_p60;stl_bout_median_w10_p70;actbout_med_p10;actbout_med_p20
snap_adhd_total,reg,0,2,gyZ_mean;frac_act_short_w10_p20
snap_adhd_total,reg,1,1,frac_act_short_w10_p20
snap_adhd_total,reg,2,1,frac_act_short_w10_p20
snap_adhd_total,reg,3,1,frac_act_short_w10_p20
snap_adhd_total,reg,4,20,uaX_std;uaY_mean;uaZ_std;uaMag_std;uaMag_rms;uaMag_iqr;uaMag_mad;uaMag_spread;uaMag_bp_hf;gyMag_iqr;gyMag_mad;roll_mean;uaMag_peak_amp_med;jerk_dfa_alpha;stl_bout_median_w1_p20;within_win_sd_w10;frac_act_short_w10_p20;actbout_med_p10;switchmin_p30;actbout_med_p60
snap_adhd_total,reg,5,1,frac_act_short_w10_p20
snap_adhd_total,reg,6,1,frac_act_short_w10_p20
snap_adhd_total,reg,7,1,frac_act_short_w10_p20
snap_adhd_total,reg,8,1,frac_act_short_w10_p20
snap_adhd_total,reg,9,1,frac_act_short_w10_p20
snap_adhd_total,reg,10,1,frac_act_short_w10_p20
snap_adhd_total,reg,11,1,frac_act_short_w10_p20
snap_adhd_total,reg,12,2,stl_bout_median_w1_p20;frac_act_short_w10_p20
snap_adhd_total,reg,13,1,frac_act_short_w10_p20
snap_adhd_total,reg,14,1,frac_act_short_w10_p20
snap_adhd_total,reg,15,1,frac_act_short_w10_p20
snap_adhd_total,reg,16,1,frac_act_short_w10_p20
snap_adhd_total,reg,17,1,frac_act_short_w10_p20
snap_adhd_total,reg,18,1,frac_act_short_w10_p20
snap_adhd_total,reg,19,1,frac_act_short_w10_p20
snap_adhd_total,reg,20,1,frac_act_short_w10_p20
snap_adhd_total,reg,21,1,frac_act_short_w10_p20
snap_adhd_total,reg,22,1,frac_act_short_w10_p20
snap_adhd_total,reg,23,1,frac_act_short_w10_p20
sdq_hyper,reg,0,1,uaZ_skew
sdq_hyper,reg,1,1,uaZ_skew
sdq_hyper,reg,2,2,uaZ_skew;uaZ_centroid
sdq_hyper,reg,3,1,uaZ_skew
sdq_hyper,reg,4,1,uaZ_skew
sdq_hyper,reg,5,3,uaZ_skew;uaZ_centroid;frac_act_short_w10_p20
sdq_hyper,reg,6,4,uaZ_skew;uaZ_centroid;uaMag_spread;uaMag_bp_mf
sdq_hyper,reg,7,4,uaZ_skew;uaZ_centroid;uaMag_spread;uaMag_bp_mf
sdq_hyper,reg,8,1,frac_act_short_w10_p20
sdq_hyper,reg,9,1,uaZ_skew
sdq_hyper,reg,10,7,uaX_std;uaY_domfreq;uaZ_skew;uaZ_centroid;uaMag_spread;uaMag_bp_mf;frac_act_short_w10_p20
sdq_hyper,reg,11,1,uaZ_skew
sdq_hyper,reg,12,2,uaZ_skew;uaMag_bp_mf
sdq_hyper,reg,13,1,uaZ_skew
sdq_hyper,reg,14,1,uaZ_skew
sdq_hyper,reg,15,3,uaZ_skew;uaZ_centroid;uaMag_bp_mf
sdq_hyper,reg,16,4,uaZ_skew;uaZ_centroid;uaMag_spread;uaMag_bp_mf
sdq_hyper,reg,17,3,uaZ_skew;uaMag_spread;uaMag_bp_mf
sdq_hyper,reg,18,6,uaY_domfreq;uaZ_skew;uaZ_centroid;frac_act_short_w10_p20;act_bout_median_w10_p30;act_bout_cv_w10_p90
sdq_hyper,reg,19,14,uaY_domfreq;uaZ_skew;uaZ_centroid;uaZ_entropy;uaZ_bp_mf;uaZ_bp_hf;uaMag_spread;uaMag_bp_mf;uaMag_bp_hf;jerk_acf_dom_period_s;act_bout_median_w0.5_p90;act_bout_cv_w1_p10;act_bout_cv_w2_p10;stl_bout_median_w10_p20
sdq_hyper,reg,20,3,uaZ_skew;uaZ_centroid;act_bout_median_w10_p30
sdq_hyper,reg,21,1,uaZ_skew
sdq_hyper,reg,22,1,uaZ_skew
sdq_hyper,reg,23,1,uaZ_skew
sdq_emo,reg,0,2,act_bout_median_w0.5_p80;act_bout_median_w1_p80
sdq_emo,reg,1,2,act_bout_median_w0.5_p80;act_bout_median_w1_p80
sdq_emo,reg,2,2,act_bout_median_w0.5_p80;act_bout_median_w1_p80
sdq_emo,reg,3,3,act_bout_median_w0.5_p80;act_bout_median_w1_p80;switch_per_min_w10_p10
sdq_emo,reg,4,2,act_bout_median_w0.5_p80;act_bout_median_w1_p80
sdq_emo,reg,5,1,act_bout_median_w0.5_p80
sdq_emo,reg,6,1,act_bout_median_w0.5_p80
sdq_emo,reg,7,2,act_bout_median_w0.5_p80;act_bout_median_w1_p80
sdq_emo,reg,8,3,act_bout_median_w0.5_p80;act_bout_median_w1_p80;switch_per_min_w10_p10
sdq_emo,reg,9,1,act_bout_median_w0.5_p80
sdq_emo,reg,10,2,act_bout_median_w0.5_p80;act_bout_median_w1_p80
sdq_emo,reg,11,2,act_bout_median_w0.5_p80;act_bout_median_w1_p80
sdq_emo,reg,12,2,act_bout_median_w0.5_p80;act_bout_median_w1_p80
sdq_emo,reg,13,1,act_bout_median_w0.5_p80
sdq_emo,reg,14,3,act_bout_median_w0.5_p80;act_bout_median_w1_p80;switch_per_min_w10_p10
sdq_emo,reg,15,2,act_bout_median_w0.5_p80;act_bout_median_w1_p80
sdq_emo,reg,16,2,act_bout_median_w0.5_p80;act_bout_median_w1_p80
sdq_emo,reg,17,3,act_bout_median_w0.5_p80;act_bout_median_w1_p80;switch_per_min_w10_p10
sdq_emo,reg,18,2,act_bout_median_w0.5_p80;act_bout_median_w1_p80
sdq_emo,reg,19,1,act_bout_median_w0.5_p80
sdq_emo,reg,20,2,act_bout_median_w0.5_p80;act_bout_median_w1_p80
sdq_emo,reg,21,1,act_bout_median_w0.5_p80
sdq_emo,reg,22,2,act_bout_median_w0.5_p80;act_bout_median_w1_p80
sdq_emo,reg,23,1,act_bout_median_w0.5_p80
sdq_cond,reg,0,6,uaY_max;jerk_min;jerk_max;stl_bout_median_w1_p80;act_bout_median_w2_p30;stl_bout_cv_w10_p70
sdq_cond,reg,1,6,uaY_max;jerk_min;jerk_max;stl_bout_median_w1_p80;act_bout_median_w2_p30;stl_bout_cv_w10_p70
sdq_cond,reg,2,5,uaY_max;jerk_min;jerk_max;stl_bout_median_w1_p80;stl_bout_cv_w10_p70
sdq_cond,reg,3,1,uaY_max
sdq_cond,reg,4,5,uaY_max;jerk_min;jerk_max;act_bout_median_w2_p30;stl_bout_cv_w10_p70
sdq_cond,reg,5,20,uaX_min;uaX_bp_mf;uaY_max;uaMag_max;gyX_min;roll_median;jerk_min;jerk_max;stl_bout_median_w1_p80;stl_bout_cv_w1_p80;act_bout_median_w2_p30;stl_bout_median_w2_p60;stl_bout_cv_w2_p80;stl_bout_cv_w5_p80;act_bout_cv_w5_p90;stl_bout_cv_w10_p40;stl_bout_cv_w10_p50;stl_bout_cv_w10_p60;stl_bout_cv_w10_p70;stl_bout_cv_w10_p80
sdq_cond,reg,6,7,uaY_max;jerk_min;jerk_max;stl_bout_median_w1_p80;act_bout_median_w2_p30;stl_bout_cv_w10_p60;stl_bout_cv_w10_p70
sdq_cond,reg,7,7,uaX_bp_mf;uaY_max;uaMag_max;jerk_min;jerk_max;act_bout_median_w2_p30;stl_bout_cv_w10_p70
sdq_cond,reg,8,5,uaY_max;jerk_min;jerk_max;act_bout_median_w2_p30;stl_bout_cv_w10_p70
sdq_cond,reg,9,10,uaX_bp_mf;uaY_max;uaY_range;uaMag_max;gyX_min;jerk_min;jerk_max;stl_bout_median_w1_p80;act_bout_median_w2_p30;stl_bout_cv_w10_p70
sdq_cond,reg,10,5,uaY_max;uaMag_max;jerk_min;jerk_max;act_bout_median_w2_p30
sdq_cond,reg,11,16,uaX_range;uaX_bp_mf;uaY_max;uaMag_max;gyX_bp_hf;jerk_min;jerk_max;jerk_spread;stl_bout_median_w1_p60;act_bout_median_w2_p30;stl_bout_median_w2_p60;act_bout_median_w10_p10;stl_bout_cv_w10_p40;stl_bout_cv_w10_p50;stl_bout_cv_w10_p60;stl_bout_cv_w10_p70
sdq_cond,reg,12,1,uaY_max
sdq_cond,reg,13,8,uaY_max;jerk_min;jerk_max;act_bout_median_w2_p30;stl_bout_cv_w5_p80;stl_bout_cv_w10_p50;stl_bout_cv_w10_p60;stl_bout_cv_w10_p70
sdq_cond,reg,14,7,uaY_max;jerk_min;jerk_max;stl_bout_median_w1_p80;act_bout_median_w2_p30;stl_bout_cv_w5_p80;stl_bout_cv_w10_p70
sdq_cond,reg,15,2,gyX_min;stl_bout_cv_w10_p70
sdq_cond,reg,16,16,uaX_bp_mf;uaY_max;uaMag_max;jerk_min;jerk_max;stl_bout_median_w1_p80;stl_bout_cv_w1_p80;act_bout_median_w2_p30;stl_bout_median_w2_p60;stl_bout_cv_w2_p80;stl_bout_cv_w5_p80;act_bout_cv_w5_p90;stl_bout_cv_w10_p50;stl_bout_cv_w10_p60;act_bout_median_w10_p70;stl_bout_cv_w10_p70
sdq_cond,reg,17,5,uaY_max;jerk_min;jerk_max;act_bout_median_w2_p30;stl_bout_cv_w10_p70
sdq_cond,reg,18,6,uaY_max;jerk_min;jerk_max;stl_bout_median_w1_p80;act_bout_median_w2_p30;stl_bout_cv_w10_p70
sdq_cond,reg,19,18,uaX_bp_mf;uaY_max;uaMag_max;gyX_min;jerk_min;jerk_max;stl_bout_cv_w0.5_p80;stl_bout_median_w1_p80;stl_bout_cv_w1_p80;act_bout_median_w2_p30;stl_bout_cv_w2_p70;stl_bout_cv_w2_p80;stl_bout_cv_w5_p60;stl_bout_cv_w5_p80;act_bout_cv_w5_p90;stl_bout_cv_w10_p50;stl_bout_cv_w10_p60;stl_bout_cv_w10_p70
sdq_cond,reg,20,5,uaY_max;jerk_min;jerk_max;act_bout_median_w2_p30;stl_bout_cv_w10_p70
sdq_cond,reg,21,8,uaY_max;jerk_min;jerk_max;stl_bout_median_w1_p80;act_bout_median_w2_p30;stl_bout_median_w2_p80;stl_bout_cv_w5_p80;stl_bout_cv_w10_p70
sdq_cond,reg,22,4,uaY_max;jerk_min;jerk_max;stl_bout_cv_w10_p70
sdq_cond,reg,23,5,uaY_max;jerk_min;jerk_max;act_bout_median_w2_p30;stl_bout_cv_w10_p70
sdq_peer,reg,0,20,uaX_median;uaX_zcr;uaX_centroid;gyY_mean;gyY_median;gyZ_mean;roll_domfreq;yaw_std;jerk_spread;jerk_bp_lf;act_bout_median_w1_p90;act_bout_median_w2_p70;frac_act_short_w5_p10;stl_bout_median_w5_p90;stl_bout_cv_w10_p10;act_bout_median_w10_p50;frac_act_short_w10_p60;switch_per_min_w10_p80;stl_bout_median_w10_p80;actbout_med_p60
sdq_peer,reg,1,20,uaX_median;uaX_zcr;uaX_centroid;gyY_mean;gyY_median;gyZ_mean;pitch_bp_lf;roll_zcr;roll_bp_lf;yaw_std;jerk_spread;gyMag_permen_m3;stl_bout_cv_w10_p10;act_bout_median_w10_p50;switch_per_min_w10_p60;act_bout_median_w10_p60;frac_act_short_w10_p60;switch_per_min_w10_p70;frac_act_short_w10_p70;switch_per_min_w10_p80
sdq_peer,reg,2,19,uaX_median;uaX_zcr;gyY_mean;gyY_median;gyZ_mean;roll_domfreq;yaw_std;jerk_spread;jerk_bp_lf;act_bout_cv_w0.5_p40;act_bout_median_w1_p90;act_bout_median_w2_p70;frac_act_short_w5_p10;stl_bout_median_w5_p90;stl_bout_cv_w10_p10;act_bout_median_w10_p50;frac_act_short_w10_p60;switch_per_min_w10_p80;actbout_med_p60
sdq_peer,reg,3,1,gyZ_mean
sdq_peer,reg,4,17,uaX_median;uaX_zcr;gyY_mean;gyY_median;gyZ_mean;yaw_std;jerk_min;jerk_spread;jerk_entropy;jerk_bp_lf;jerk_lz_c;act_bout_median_w1_p90;act_bout_median_w2_p70;stl_bout_median_w5_p90;stl_bout_cv_w10_p10;act_bout_median_w10_p50;stl_bout_median_w10_p80
sdq_peer,reg,5,9,uaX_mean;uaX_zcr;gyY_mean;gyY_median;gyZ_mean;yaw_std;jerk_spread;stl_bout_cv_w10_p10;act_bout_median_w10_p50
sdq_peer,reg,6,9,uaX_zcr;gyY_mean;gyY_median;gyZ_mean;roll_domfreq;yaw_std;jerk_spread;stl_bout_cv_w10_p10;act_bout_median_w10_p50
sdq_peer,reg,7,18,uaX_zcr;gyY_mean;gyY_median;gyZ_mean;roll_domfreq;yaw_std;yaw_madiff;jerk_spread;act_bout_median_w1_p90;act_bout_median_w2_p20;act_bout_median_w2_p70;frac_act_short_w5_p10;stl_bout_median_w5_p90;stl_bout_cv_w10_p10;act_bout_median_w10_p50;frac_act_short_w10_p60;switch_per_min_w10_p80;actbout_med_p60
sdq_peer,reg,8,20,uaX_median;uaX_zcr;gyY_mean;gyY_median;gyZ_mean;roll_domfreq;yaw_std;jerk_spread;uaMag_hurst_rs;act_bout_cv_w0.5_p40;frac_act_short_w1_p70;act_bout_median_w1_p90;act_bout_median_w2_p70;frac_act_short_w5_p10;stl_bout_median_w5_p90;stl_bout_cv_w10_p10;act_bout_median_w10_p50;act_bout_median_w10_p60;frac_act_short_w10_p60;stl_bout_median_w10_p80
sdq_peer,reg,9,11,uaX_median;uaX_zcr;gyY_mean;gyY_median;gyZ_mean;roll_domfreq;yaw_std;jerk_spread;act_bout_median_w1_p90;stl_bout_cv_w10_p10;act_bout_median_w10_p50
sdq_peer,reg,10,19,uaX_median;uaX_zcr;gyY_mean;gyY_median;gyZ_mean;gyZ_median;roll_domfreq;yaw_std;yaw_kurt;jerk_spread;act_bout_median_w1_p90;act_bout_median_w2_p70;stl_bout_cv_w5_p80;stl_bout_median_w5_p90;stl_bout_cv_w10_p10;act_bout_median_w10_p50;frac_act_short_w10_p60;stl_bout_cv_w10_p70;actbout_med_p60
sdq_peer,reg,11,19,uaX_zcr;gyX_zcr;yaw_std;jerk_spread;stl_bout_median_w0.5_p50;stl_bout_cv_w1_p30;stl_bout_cv_w1_p40;act_bout_median_w1_p90;act_bout_median_w2_p20;stl_bout_cv_w2_p20;frac_act_short_w2_p20;switch_per_min_w5_p10;stl_bout_cv_w5_p10;stl_bout_cv_w5_p20;stl_bout_cv_w5_p30;stl_bout_cv_w5_p40;switch_per_min_w10_p10;stl_bout_cv_w10_p10;actbout_med_p60
sdq_peer,reg,12,10,uaX_median;uaX_zcr;gyY_mean;gyY_median;gyZ_mean;roll_domfreq;yaw_std;jerk_spread;stl_bout_cv_w10_p10;act_bout_median_w10_p50
sdq_peer,reg,13,18,uaX_mean;uaX_median;uaX_zcr;uaX_centroid;gyY_mean;gyY_median;gyZ_mean;gyZ_median;pitch_min;pitch_bp_lf;yaw_std;jerk_spread;jerk_bp_lf;act_bout_median_w1_p90;act_bout_median_w2_p70;stl_bout_median_w5_p90;stl_bout_cv_w10_p10;actbout_med_p60
sdq_peer,reg,14,20,uaX_median;uaX_zcr;uaX_centroid;gyY_mean;gyY_median;gyZ_mean;roll_domfreq;yaw_std;jerk_spread;act_bout_median_w1_p90;act_bout_median_w2_p70;act_bout_median_w2_p90;frac_act_short_w5_p10;stl_bout_median_w5_p90;stl_bout_cv_w10_p10;act_bout_median_w10_p50;frac_act_short_w10_p60;switch_per_min_w10_p80;stl_bout_median_w10_p80;actbout_med_p60
sdq_peer,reg,15,10,uaX_zcr;gyY_mean;gyY_median;gyZ_mean;yaw_std;jerk_spread;jerk_bp_lf;stl_bout_median_w5_p90;stl_bout_cv_w10_p10;act_bout_median_w10_p50
sdq_peer,reg,16,18,uaX_median;uaX_zcr;uaX_centroid;gyY_mean;gyY_median;gyZ_mean;yaw_std;jerk_domfreq;jerk_spread;jerk_bp_lf;act_bout_median_w1_p90;act_bout_median_w2_p20;frac_act_short_w2_p20;act_bout_median_w2_p70;frac_act_short_w5_p10;stl_bout_median_w5_p90;stl_bout_cv_w10_p10;act_bout_median_w10_p50
sdq_peer,reg,17,8,uaX_zcr;gyY_mean;gyZ_mean;yaw_std;yaw_kurt;jerk_spread;stl_bout_cv_w10_p10;act_bout_median_w10_p50
sdq_peer,reg,18,10,uaX_median;uaX_zcr;gyY_mean;gyY_median;gyZ_mean;yaw_std;jerk_spread;act_bout_median_w1_p90;stl_bout_cv_w10_p10;act_bout_median_w10_p50
sdq_peer,reg,19,13,uaX_zcr;gyY_mean;gyY_median;gyZ_mean;yaw_std;jerk_spread;act_bout_median_w5_p20;stl_bout_cv_w5_p40;stl_bout_median_w5_p90;stl_bout_cv_w10_p10;stl_bout_median_w10_p80;switch_per_min_w10_p90;actbout_med_p60
sdq_peer,reg,20,20,uaX_median;uaX_zcr;uaX_centroid;gyY_mean;gyY_median;gyZ_mean;roll_domfreq;yaw_std;jerk_spread;jerk_bp_lf;act_bout_median_w1_p90;act_bout_median_w2_p70;frac_act_short_w5_p10;stl_bout_median_w5_p90;stl_bout_cv_w10_p10;act_bout_median_w10_p50;frac_act_short_w10_p60;switch_per_min_w10_p80;stl_bout_median_w10_p80;actbout_med_p60
sdq_peer,reg,21,2,gyY_mean;yaw_std
sdq_peer,reg,22,14,uaX_median;uaX_zcr;uaX_centroid;gyY_mean;gyY_median;gyZ_mean;roll_domfreq;yaw_std;jerk_spread;act_bout_median_w1_p90;act_bout_median_w2_p70;stl_bout_median_w5_p90;stl_bout_cv_w10_p10;act_bout_median_w10_p50
sdq_peer,reg,23,17,uaX_median;uaX_zcr;uaX_centroid;gyY_mean;gyY_median;gyZ_mean;roll_domfreq;yaw_std;jerk_spread;act_bout_median_w1_p90;act_bout_median_w2_p70;frac_act_short_w5_p10;stl_bout_median_w5_p90;stl_bout_cv_w10_p10;act_bout_median_w10_p50;frac_act_short_w10_p60;switch_per_min_w10_p80
sdq_pro,reg,0,1,gyMag_permen_m3
sdq_pro,reg,1,19,uaZ_mean;uaZ_skew;uaMag_bp_mf;gyY_min;gyY_kurt;pitch_min;roll_max;roll_range;yaw_std;yaw_kurt;jerk_zcr;gyMag_permen_m3;jerk_dfa_alpha;stl_bout_median_w2_p10;stl_bout_median_w10_p10;frac_act_short_w10_p20;stl_bout_median_w10_p40;stl_bout_median_w10_p50;stl_bout_median_w10_p60
sdq_pro,reg,2,19,uaZ_skew;uaZ_domfreq;uaMag_bp_mf;gyY_min;pitch_bp_lf;roll_max;roll_range;yaw_std;jerk_zcr;gyMag_permen_m3;gyMag_peak_ipi_med_s;jerk_dfa_alpha;stl_bout_median_w2_p10;stl_bout_median_w10_p10;frac_act_short_w10_p20;stl_bout_median_w10_p40;stl_bout_median_w10_p50;stl_bout_median_w10_p60;actbout_med_p40
sdq_pro,reg,3,20,uaZ_mean;uaZ_skew;uaMag_spread;uaMag_bp_mf;gyY_min;roll_max;roll_range;yaw_std;jerk_zcr;gyMag_permen_m3;gyMag_peak_ipi_med_s;jerk_dfa_alpha;stl_bout_median_w2_p10;stl_bout_median_w5_p10;act_bout_median_w10_p10;stl_bout_median_w10_p10;frac_act_short_w10_p20;stl_bout_median_w10_p40;stl_bout_median_w10_p50;stl_bout_median_w10_p60
sdq_pro,reg,4,18,uaZ_mean;uaMag_bp_mf;gyY_min;roll_max;roll_range;yaw_std;yaw_kurt;jerk_zcr;gyMag_permen_m3;jerk_dfa_alpha;switch_per_min_w1_p20;stl_bout_median_w2_p20;stl_bout_median_w10_p10;frac_act_short_w10_p20;stl_bout_median_w10_p50;stl_bout_median_w10_p60;stl_bout_cv_w10_p80;actbout_med_p40
sdq_pro,reg,5,19,uaZ_skew;uaMag_bp_mf;gyY_min;gyZ_zcr;gyZ_bp_mf;gyZ_bp_hf;roll_max;roll_range;yaw_std;yaw_kurt;jerk_zcr;gyMag_permen_m3;jerk_dfa_alpha;act_bout_median_w10_p10;stl_bout_median_w10_p10;frac_act_short_w10_p20;stl_bout_median_w10_p40;stl_bout_median_w10_p50;stl_bout_median_w10_p60
sdq_pro,reg,6,18,uaZ_skew;uaMag_bp_mf;gyY_min;gyY_range;gyY_kurt;gyY_zcr;gyZ_skew;yaw_domfreq;jerk_zcr;gyMag_permen_m3;jerk_dfa_alpha;stl_bout_median_w1_p20;stl_bout_median_w2_p30;stl_bout_median_w5_p10;act_bout_cv_w10_p10;act_bout_median_w10_p20;frac_act_short_w10_p20;stl_bout_median_w10_p40
sdq_pro,reg,7,18,uaZ_domfreq;uaMag_bp_mf;gyY_min;roll_max;roll_range;yaw_mean;yaw_std;jerk_zcr;gyMag_permen_m3;gyMag_peak_ipi_med_s;jerk_dfa_alpha;stl_bout_median_w2_p10;act_bout_median_w10_p10;stl_bout_median_w10_p40;stl_bout_median_w10_p50;stl_bout_median_w10_p60;stl_bout_cv_w10_p80;actbout_cv_p90
sdq_pro,reg,8,20,uaZ_skew;uaMag_bp_mf;gyY_min;pitch_min;roll_max;roll_range;yaw_std;yaw_kurt;jerk_zcr;gyMag_permen_m3;gyMag_peak_ipi_med_s;jerk_dfa_alpha;stl_bout_median_w2_p10;act_bout_median_w10_p10;stl_bout_median_w10_p10;frac_act_short_w10_p20;stl_bout_median_w10_p40;stl_bout_median_w10_p50;stl_bout_median_w10_p60;actbout_med_p40
sdq_pro,reg,9,2,gyY_min;yaw_std
sdq_pro,reg,10,20,uaZ_skew;uaZ_domfreq;uaMag_bp_mf;gyY_min;gyZ_median;gyZ_kurt;roll_max;roll_range;yaw_std;yaw_kurt;jerk_zcr;gyMag_permen_m3;jerk_dfa_alpha;switch_per_min_w1_p20;switch_per_min_w2_p10;stl_bout_median_w2_p10;stl_bout_median_w2_p20;switch_per_min_w5_p20;stl_bout_median_w10_p10;actbout_med_p40
sdq_pro,reg,11,20,uaZ_mean;uaZ_skew;uaMag_bp_mf;gyY_min;gyZ_mean;gyZ_median;roll_max;roll_range;yaw_std;yaw_kurt;jerk_zcr;gyMag_permen_m3;jerk_dfa_alpha;stl_bout_median_w2_p10;act_bout_median_w10_p10;stl_bout_median_w10_p10;frac_act_short_w10_p20;stl_bout_median_w10_p40;stl_bout_median_w10_p50;stl_bout_median_w10_p60
sdq_pro,reg,12,20,uaZ_skew;uaZ_domfreq;uaMag_bp_mf;gyY_min;gyZ_iqr;gyZ_kurt;gyZ_bp_hf;pitch_min;roll_max;yaw_std;jerk_zcr;gyMag_permen_m3;jerk_dfa_alpha;stl_bout_median_w0.5_p20;switch_per_min_w1_p20;stl_bout_median_w1_p20;stl_bout_median_w2_p20;stl_bout_median_w10_p40;stl_bout_median_w10_p50;stl_bout_median_w10_p60
sdq_pro,reg,13,19,uaMag_bp_mf;gyY_min;gyY_kurt;pitch_min;roll_max;roll_range;yaw_std;jerk_zcr;gyMag_permen_m3;gyMag_peak_ipi_med_s;jerk_dfa_alpha;stl_bout_median_w2_p10;act_bout_median_w10_p10;stl_bout_median_w10_p10;frac_act_short_w10_p20;stl_bout_median_w10_p40;stl_bout_median_w10_p50;stl_bout_median_w10_p60;actbout_med_p40
sdq_pro,reg,14,1,gyMag_permen_m3
sdq_pro,reg,15,18,uaZ_skew;uaMag_bp_mf;gyY_min;gyY_zcr;roll_max;roll_range;yaw_std;jerk_zcr;gyMag_permen_m3;gyMag_peak_ipi_med_s;jerk_dfa_alpha;stl_bout_median_w2_p10;act_bout_median_w10_p10;stl_bout_median_w10_p10;frac_act_short_w10_p20;stl_bout_median_w10_p40;stl_bout_median_w10_p50;stl_bout_median_w10_p60
sdq_pro,reg,16,20,uaZ_mean;uaZ_skew;uaZ_domfreq;uaMag_bp_mf;gyY_min;gyMag_bp_mf;pitch_min;roll_max;roll_range;yaw_std;jerk_zcr;gyMag_permen_m3;jerk_dfa_alpha;jerk_peak_ipi_med_s;stl_bout_median_w2_p10;stl_bout_median_w10_p10;frac_act_short_w10_p20;stl_bout_median_w10_p40;stl_bout_median_w10_p50;stl_bout_median_w10_p60
sdq_pro,reg,17,20,uaZ_skew;uaZ_domfreq;uaMag_bp_mf;gyY_min;roll_max;roll_range;yaw_std;yaw_kurt;jerk_zcr;gyMag_permen_m3;gyMag_peak_ipi_med_s;jerk_dfa_alpha;stl_bout_median_w2_p10;stl_bout_median_w5_p10;act_bout_median_w10_p10;stl_bout_median_w10_p10;frac_act_short_w10_p20;stl_bout_median_w10_p40;stl_bout_median_w10_p50;stl_bout_median_w10_p60
sdq_pro,reg,18,17,uaMag_bp_mf;gyY_min;roll_max;yaw_std;jerk_zcr;gyMag_permen_m3;gyMag_peak_ipi_med_s;jerk_dfa_alpha;stl_bout_median_w2_p10;stl_bout_median_w5_p10;stl_bout_median_w10_p10;frac_act_short_w10_p20;stl_bout_median_w10_p40;stl_bout_median_w10_p50;stl_bout_median_w10_p60;act_bout_cv_w10_p80;actbout_med_p40
sdq_pro,reg,19,1,yaw_std
sdq_pro,reg,20,20,uaZ_skew;uaMag_bp_mf;gyY_min;gyZ_kurt;gyZ_bp_hf;pitch_min;roll_max;roll_range;yaw_std;jerk_zcr;gyMag_permen_m3;gyMag_peak_ipi_med_s;jerk_dfa_alpha;stl_bout_median_w10_p10;stl_bout_median_w10_p40;stl_bout_median_w10_p50;stl_bout_median_w10_p60;stl_bout_median_w10_p80;stl_bout_cv_w10_p80;actbout_med_p40
sdq_pro,reg,21,20,uaZ_skew;uaMag_bp_mf;gyY_min;pitch_min;roll_max;roll_range;yaw_std;jerk_zcr;gyMag_permen_m3;gyMag_peak_ipi_med_s;jerk_dfa_alpha;stl_bout_median_w2_p10;act_bout_median_w10_p10;stl_bout_median_w10_p10;frac_act_short_w10_p20;stl_bout_median_w10_p40;stl_bout_median_w10_p50;stl_bout_median_w10_p60;actbout_med_p40;actbout_cv_p90
sdq_pro,reg,22,20,uaMag_bp_mf;gyY_min;roll_min;roll_max;roll_range;yaw_std;yaw_kurt;jerk_zcr;gyMag_permen_m3;gyMag_peak_ipi_med_s;jerk_dfa_alpha;switch_per_min_w2_p10;stl_bout_median_w2_p10;stl_bout_median_w2_p20;stl_bout_median_w10_p10;frac_act_short_w10_p20;stl_bout_median_w10_p40;stl_bout_median_w10_p50;stl_bout_median_w10_p60;actbout_med_p40
sdq_pro,reg,23,14,uaMag_bp_mf;gyY_min;gyY_zcr;gyY_bp_hf;gyZ_zcr;gyZ_bp_mf;gyZ_bp_hf;roll_max;roll_range;yaw_std;jerk_zcr;gyMag_permen_m3;jerk_dfa_alpha;act_bout_median_w10_p10
sdq_totdiff,reg,0,1,frac_act_short_w10_p20
sdq_totdiff,reg,1,20,gyX_min;gyY_madiff;roll_iqr;roll_mad;roll_skew;roll_kurt;jerk_min;act_bout_median_w0.5_p30;act_bout_cv_w1_p20;act_bout_cv_w2_p20;act_bout_median_w2_p30;act_bout_cv_w2_p30;act_bout_median_w2_p50;act_bout_median_w2_p90;act_bout_median_w5_p20;stl_bout_median_w10_p10;frac_act_short_w10_p20;act_bout_median_w10_p30;stl_bout_cv_w10_p40;stl_bout_cv_w10_p50
sdq_totdiff,reg,2,1,stl_bout_cv_w10_p40
sdq_totdiff,reg,3,20,uaY_max;gyY_madiff;gyMag_madiff;pitch_bp_mf;pitch_bp_hf;roll_iqr;roll_mad;roll_kurt;jerk_min;act_bout_cv_w1_p20;act_bout_median_w2_p30;act_bout_median_w2_p50;act_bout_median_w2_p90;act_bout_median_w5_p20;frac_act_short_w5_p20;stl_bout_median_w10_p10;frac_act_short_w10_p10;frac_act_short_w10_p20;act_bout_median_w10_p30;stl_bout_cv_w10_p40
sdq_totdiff,reg,4,19,gyY_madiff;roll_iqr;roll_mad;roll_skew;roll_kurt;jerk_min;act_bout_cv_w1_p20;act_bout_cv_w2_p20;act_bout_median_w2_p30;act_bout_cv_w2_p30;act_bout_median_w2_p50;act_bout_median_w2_p90;act_bout_median_w5_p20;frac_act_short_w5_p20;stl_bout_median_w10_p10;frac_act_short_w10_p20;act_bout_median_w10_p30;stl_bout_cv_w10_p40;stl_bout_cv_w10_p50
sdq_totdiff,reg,5,7,roll_mad;roll_kurt;act_bout_median_w5_p20;stl_bout_median_w10_p10;frac_act_short_w10_p20;act_bout_median_w10_p30;stl_bout_cv_w10_p40
sdq_totdiff,reg,6,20,gyX_min;gyY_madiff;roll_iqr;roll_mad;roll_skew;roll_kurt;jerk_min;act_bout_cv_w1_p20;act_bout_cv_w2_p20;act_bout_median_w2_p30;act_bout_cv_w2_p30;act_bout_median_w2_p50;stl_bout_median_w2_p60;act_bout_median_w2_p90;act_bout_median_w5_p20;frac_act_short_w5_p20;stl_bout_median_w10_p10;frac_act_short_w10_p20;act_bout_median_w10_p30;stl_bout_cv_w10_p40
sdq_totdiff,reg,7,18,uaY_max;gyY_madiff;pitch_domfreq;roll_iqr;roll_mad;roll_kurt;jerk_min;act_bout_cv_w1_p20;act_bout_cv_w2_p20;act_bout_median_w2_p30;act_bout_cv_w2_p30;act_bout_median_w2_p50;act_bout_median_w2_p90;act_bout_median_w5_p20;stl_bout_median_w10_p10;frac_act_short_w10_p20;act_bout_median_w10_p30;stl_bout_cv_w10_p40
sdq_totdiff,reg,8,19,uaY_max;gyY_madiff;roll_std;roll_iqr;roll_mad;roll_kurt;jerk_min;act_bout_cv_w1_p20;act_bout_cv_w2_p20;act_bout_median_w2_p30;act_bout_cv_w2_p30;act_bout_median_w2_p50;act_bout_median_w2_p90;act_bout_median_w5_p20;frac_act_short_w5_p20;stl_bout_median_w10_p10;frac_act_short_w10_p20;act_bout_median_w10_p30;stl_bout_cv_w10_p40
sdq_totdiff,reg,9,1,act_bout_median_w5_p20
sdq_totdiff,reg,10,3,act_bout_median_w5_p20;frac_act_short_w10_p20;stl_bout_cv_w10_p40
sdq_totdiff,reg,11,17,gyY_madiff;roll_iqr;roll_mad;roll_skew;roll_kurt;jerk_min;act_bout_cv_w1_p20;act_bout_cv_w2_p20;act_bout_median_w2_p30;act_bout_median_w2_p50;act_bout_median_w2_p90;act_bout_median_w5_p20;stl_bout_median_w10_p10;frac_act_short_w10_p20;act_bout_median_w10_p30;stl_bout_cv_w10_p40;stl_bout_cv_w10_p50
sdq_totdiff,reg,12,1,roll_kurt
sdq_totdiff,reg,13,9,roll_iqr;roll_mad;roll_skew;roll_kurt;jerk_min;jerk_max;act_bout_median_w2_p30;act_bout_median_w2_p90;frac_act_short_w10_p20
sdq_totdiff,reg,14,1,frac_act_short_w10_p20
sdq_totdiff,reg,15,20,gyX_min;gyX_range;gyX_iqr;gyY_madiff;gyZ_madiff;gyMag_mean;gyMag_zcr;gyMag_madiff;roll_kurt;gyMag_acf_tau_1e_s;jerk_acf_dom_peak;act_bout_cv_w0.5_p10;act_bout_cv_w1_p20;act_bout_median_w2_p50;act_bout_median_w2_p90;act_bout_cv_w2_p90;act_bout_median_w5_p20;stl_bout_median_w10_p10;frac_act_short_w10_p20;stl_bout_cv_w10_p40
sdq_totdiff,reg,16,1,roll_kurt
sdq_totdiff,reg,17,9,roll_iqr;roll_mad;roll_kurt;act_bout_median_w2_p30;act_bout_median_w5_p20;stl_bout_median_w10_p10;frac_act_short_w10_p20;act_bout_median_w10_p30;stl_bout_cv_w10_p40
sdq_totdiff,reg,18,1,frac_act_short_w10_p20
sdq_totdiff,reg,19,2,act_bout_median_w2_p90;stl_bout_median_w10_p10
sdq_totdiff,reg,20,15,roll_iqr;roll_mad;roll_kurt;jerk_min;act_bout_cv_w1_p20;act_bout_median_w2_p30;act_bout_median_w2_p50;act_bout_median_w2_p90;act_bout_median_w5_p20;stl_bout_median_w10_p10;frac_act_short_w10_p20;act_bout_median_w10_p30;stl_bout_cv_w10_p40;stl_bout_cv_w10_p50;stl_bout_median_w10_p80
sdq_totdiff,reg,21,20,gyY_madiff;roll_iqr;roll_mad;roll_skew;roll_kurt;jerk_min;act_bout_median_w0.5_p30;act_bout_cv_w1_p20;act_bout_cv_w2_p20;act_bout_median_w2_p30;act_bout_median_w2_p50;stl_bout_median_w2_p80;act_bout_median_w2_p90;act_bout_median_w5_p20;frac_act_short_w5_p20;stl_bout_median_w10_p10;frac_act_short_w10_p20;act_bout_median_w10_p30;stl_bout_cv_w10_p40;stl_bout_cv_w10_p50
sdq_totdiff,reg,22,19,uaY_max;gyX_std;gyY_madiff;gyMag_madiff;roll_iqr;roll_mad;roll_kurt;jerk_min;act_bout_median_w0.5_p30;act_bout_cv_w1_p20;act_bout_median_w2_p30;act_bout_median_w2_p50;act_bout_median_w2_p90;act_bout_median_w5_p20;stl_bout_median_w10_p10;frac_act_short_w10_p20;act_bout_median_w10_p30;stl_bout_cv_w10_p40;stl_bout_cv_w10_p50
sdq_totdiff,reg,23,1,frac_act_short_w10_p20
